{"display":{"gui":{"rotation":[30.0,225.0,0.0]}},"elements":[{"from":[5.5,-10.5,5.0],"to":[10.5,10.5,11.0],"faces":{"east":{"uv":[10.0,3.5,10.75,6.125],"texture":"#0","tintindex":0},"south":{"uv":[6.25,11.625,6.875,14.25],"texture":"#0","tintindex":0},"north":{"uv":[11.625,3.5,12.25,6.125],"texture":"#0","tintindex":0},"west":{"uv":[0.0,10.25,0.75,12.875],"texture":"#0","tintindex":0},"up":{"uv":[16.0,12.0,15.375,11.25],"texture":"#0","tintindex":0},"down":{"uv":[4.875,13.75,4.25,14.5],"texture":"#0","tintindex":0}}}],"textures":{"0":"modelengine:entity/end_strider"}}