{"display":{"gui":{"rotation":[30.0,225.0,0.0]}},"elements":[{"from":[-2.0,7.0,5.0],"to":[3.0,7.0,8.0],"rotation":{"origin":[3.0,7.0009995,8.0],"axis":"y","angle":-22.5},"faces":{"up":{"uv":[14.5,5.25,13.875,4.875],"texture":"#0","tintindex":0},"down":{"uv":[14.5,4.875,13.875,5.25],"texture":"#0","tintindex":0}}},{"from":[3.0,6.0,5.0],"to":[8.0,8.0,8.0],"faces":{"east":{"uv":[10.875,1.75,11.25,2.0],"texture":"#0","tintindex":0},"south":{"uv":[14.0,0.625,14.625,0.875],"texture":"#0","tintindex":0},"north":{"uv":[11.5,10.0,12.125,10.25],"texture":"#0","tintindex":0},"west":{"uv":[9.75,13.875,10.125,14.125],"texture":"#0","tintindex":0},"up":{"uv":[12.125,10.0,11.5,9.625],"texture":"#0","tintindex":0},"down":{"uv":[14.5,4.125,13.875,4.5],"texture":"#0","tintindex":0}}}],"textures":{"0":"modelengine:entity/end_strider"}}