{"display":{"gui":{"rotation":[30.0,225.0,0.0]}},"elements":[{"from":[6.75,5.5,6.75],"to":[9.25,8.0,8.25],"faces":{"east":{"uv":[13.25,10.75,13.5,11.0],"texture":"#0","tintindex":0},"south":{"uv":[13.25,10.75,13.5,11.0],"texture":"#0","tintindex":0},"north":{"uv":[13.25,10.75,13.5,11.0],"texture":"#0","tintindex":0},"west":{"uv":[13.25,10.75,13.5,11.0],"texture":"#0","tintindex":0},"up":{"uv":[13.25,10.75,13.5,10.875],"texture":"#0","tintindex":0},"down":{"uv":[13.25,10.875,13.5,11.0],"texture":"#0","tintindex":0}}}],"textures":{"0":"modelengine:entity/end_strider"}}