{"display":{"gui":{"rotation":[30.0,225.0,0.0]}},"elements":[{"from":[8.0,8.0,5.0],"to":[14.0,10.0,8.0],"faces":{"east":{"uv":[14.375,2.375,14.0,2.625],"texture":"#0","tintindex":0},"south":{"uv":[14.75,0.0,14.0,0.25],"texture":"#0","tintindex":0},"north":{"uv":[14.625,5.25,13.875,5.5],"texture":"#0","tintindex":0},"west":{"uv":[1.0,14.0,0.625,14.25],"texture":"#0","tintindex":0},"up":{"uv":[10.75,6.0,11.5,5.625],"texture":"#0","tintindex":0},"down":{"uv":[13.875,3.5,14.625,3.875],"texture":"#0","tintindex":0}}},{"from":[14.230442,8.5,5.841488],"to":[19.230442,9.5,7.841488],"rotation":{"origin":[12.0,10.0,8.0],"axis":"y","angle":22.5},"faces":{"east":{"uv":[6.25,5.125,6.0,5.25],"texture":"#0","tintindex":0},"south":{"uv":[11.375,6.0,10.75,6.125],"texture":"#0","tintindex":0},"north":{"uv":[10.375,1.875,9.75,2.0],"texture":"#0","tintindex":0},"west":{"uv":[6.0,5.125,5.75,5.25],"texture":"#0","tintindex":0},"up":{"uv":[14.0,1.875,14.625,1.625],"texture":"#0","tintindex":0},"down":{"uv":[14.0,1.875,14.625,2.125],"texture":"#0","tintindex":0}}},{"from":[16.619396,9.0,-0.9134178],"to":[18.619396,9.0,5.086582],"faces":{"up":{"uv":[2.25,9.75,2.5,9.0],"texture":"#0","tintindex":0},"down":{"uv":[2.25,9.0,2.5,9.75],"texture":"#0","tintindex":0}}}],"textures":{"0":"modelengine:entity/end_strider"}}