{"display":{"gui":{"rotation":[30.0,225.0,0.0]}},"elements":[{"from":[6.25,4.5,5.499998],"to":[9.75,8.0,8.0],"faces":{"east":{"uv":[15.125,5.75,15.375,6.125],"texture":"#0","tintindex":0},"south":{"uv":[15.25,6.125,15.625,6.5],"texture":"#0","tintindex":0},"north":{"uv":[15.625,6.125,16.0,6.5],"texture":"#0","tintindex":0},"west":{"uv":[15.375,5.75,15.625,6.125],"texture":"#0","tintindex":0},"up":{"uv":[16.0,5.875,15.625,5.625],"texture":"#0","tintindex":0},"down":{"uv":[16.0,5.875,15.625,6.125],"texture":"#0","tintindex":0}}}],"textures":{"0":"modelengine:entity/ender_crawler"}}