{"display":{"gui":{"rotation":[30.0,225.0,0.0]}},"elements":[{"from":[6.5,-6.5,7.0],"to":[9.5,10.5,12.0],"faces":{"east":{"uv":[2.0,4.625,1.375,6.75],"texture":"#0","tintindex":0},"south":{"uv":[3.0,6.875,2.625,9.0],"texture":"#0","tintindex":0},"north":{"uv":[2.625,6.875,2.25,9.0],"texture":"#0","tintindex":0},"west":{"uv":[1.375,4.625,0.75,6.75],"texture":"#0","tintindex":0},"up":{"uv":[5.5,8.625,5.875,8.0],"texture":"#0","tintindex":0},"down":{"uv":[8.0,5.75,8.375,6.375],"texture":"#0","tintindex":0}}}],"textures":{"0":"modelengine:entity/ender_crawler"}}