{"display":{"gui":{"rotation":[30.0,225.0,0.0]}},"elements":[{"from":[7.0,-6.0,7.0],"to":[9.0,8.0,9.0],"faces":{"east":{"uv":[5.25,7.0,4.25,14.0],"texture":"#0","tintindex":0},"south":{"uv":[4.25,7.0,3.25,14.0],"texture":"#0","tintindex":0},"north":{"uv":[2.25,6.5,1.25,13.5],"texture":"#0","tintindex":0},"west":{"uv":[3.25,6.5,2.25,13.5],"texture":"#0","tintindex":0},"up":{"uv":[10.25,11.5,11.25,10.5],"texture":"#0","tintindex":0},"down":{"uv":[10.75,5.25,11.75,6.25],"texture":"#0","tintindex":0}}}],"textures":{"0":"modelengine:entity/enderbruiser"}}