{"display":{"gui":{"rotation":[30.0,225.0,0.0]}},"elements":[{"from":[7.0,-6.0,7.0],"to":[9.0,8.0,9.0],"faces":{"east":{"uv":[2.25,6.5,3.25,13.5],"texture":"#0","tintindex":0},"south":{"uv":[3.25,7.0,4.25,14.0],"texture":"#0","tintindex":0},"north":{"uv":[1.25,6.5,2.25,13.5],"texture":"#0","tintindex":0},"west":{"uv":[4.25,7.0,5.25,14.0],"texture":"#0","tintindex":0},"up":{"uv":[11.25,11.5,10.25,10.5],"texture":"#0","tintindex":0},"down":{"uv":[11.75,5.25,10.75,6.25],"texture":"#0","tintindex":0}}}],"textures":{"0":"modelengine:entity/enderbruiser"}}