{"display":{"gui":{"rotation":[30.0,225.0,0.0]}},"elements":[{"from":[7.0,-6.0,8.0],"to":[9.0,8.0,10.0],"faces":{"east":{"uv":[4.375,6.5,4.125,8.25],"texture":"#0","tintindex":0},"south":{"uv":[4.125,6.5,3.875,8.25],"texture":"#0","tintindex":0},"north":{"uv":[6.75,2.75,6.5,4.5],"texture":"#0","tintindex":0},"west":{"uv":[3.875,6.5,3.625,8.25],"texture":"#0","tintindex":0},"up":{"uv":[5.25,5.0,5.5,4.75],"texture":"#0","tintindex":0},"down":{"uv":[5.375,2.25,5.625,2.5],"texture":"#0","tintindex":0}}}],"textures":{"0":"modelengine:entity/empowered_ender_watchman"}}