{"display":{"gui":{"rotation":[30.0,225.0,0.0]}},"elements":[{"from":[7.0,-6.0,6.0],"to":[9.0,8.0,8.0],"faces":{"east":{"uv":[6.625,0.0,6.875,1.75],"texture":"#0","tintindex":0},"south":{"uv":[6.625,4.5,6.875,6.25],"texture":"#0","tintindex":0},"north":{"uv":[4.375,6.5,4.625,8.25],"texture":"#0","tintindex":0},"west":{"uv":[6.625,6.25,6.875,8.0],"texture":"#0","tintindex":0},"up":{"uv":[5.875,2.5,5.625,2.25],"texture":"#0","tintindex":0},"down":{"uv":[6.125,2.25,5.875,2.5],"texture":"#0","tintindex":0}}}],"textures":{"0":"modelengine:entity/empowered_ender_watchman"}}