{"display":{"gui":{"rotation":[30.0,225.0,0.0]}},"elements":[{"from":[7.5,-12.0,8.0],"to":[8.5,8.0,12.0],"faces":{"east":{"uv":[4.625,5.0,5.125,7.5],"texture":"#0","tintindex":0},"south":{"uv":[2.375,7.0,2.5,9.5],"texture":"#0","tintindex":0},"north":{"uv":[2.25,7.0,2.375,9.5],"texture":"#0","tintindex":0},"west":{"uv":[5.125,5.0,5.625,7.5],"texture":"#0","tintindex":0},"up":{"uv":[7.625,1.25,7.5,0.75],"texture":"#0","tintindex":0},"down":{"uv":[7.625,2.25,7.5,2.75],"texture":"#0","tintindex":0}}}],"textures":{"0":"modelengine:entity/empowered_ender_watchman"}}