{"display":{"gui":{"rotation":[30.0,225.0,0.0]}},"elements":[{"from":[7.0,-10.0,6.0],"to":[9.0,8.0,10.0],"faces":{"east":{"uv":[2.625,5.5,3.125,7.75],"texture":"#0","tintindex":0},"south":{"uv":[1.25,6.5,1.5,8.75],"texture":"#0","tintindex":0},"north":{"uv":[6.375,0.0,6.625,2.25],"texture":"#0","tintindex":0},"west":{"uv":[3.125,5.5,3.625,7.75],"texture":"#0","tintindex":0},"up":{"uv":[7.375,6.625,7.125,6.125],"texture":"#0","tintindex":0},"down":{"uv":[7.375,6.625,7.125,7.125],"texture":"#0","tintindex":0}}}],"textures":{"0":"modelengine:entity/empowered_ender_watchman"}}