{"sources":[{"type":"paletted_permutations","textures":["nexo:trims/entity/humanoid/brightblue","nexo:trims/models/armor/brightblue","nexo:trims/entity/humanoid_leggings/brightblue","nexo:trims/models/armor/brightblue_leggings","nexo:trims/entity/humanoid/enderdragon","nexo:trims/models/armor/enderdragon","nexo:trims/entity/humanoid_leggings/enderdragon","nexo:trims/models/armor/enderdragon_leggings","nexo:trims/entity/humanoid/headless","nexo:trims/models/armor/headless","nexo:trims/entity/humanoid_leggings/headless","nexo:trims/models/armor/headless_leggings","nexo:trims/entity/humanoid/hycraft","nexo:trims/models/armor/hycraft","nexo:trims/entity/humanoid_leggings/hycraft","nexo:trims/models/armor/hycraft_leggings","nexo:trims/entity/humanoid/lunar","nexo:trims/models/armor/lunar","nexo:trims/entity/humanoid_leggings/lunar","nexo:trims/models/armor/lunar_leggings","nexo:trims/entity/humanoid/forest","nexo:trims/models/armor/forest","nexo:trims/entity/humanoid_leggings/forest","nexo:trims/models/armor/forest_leggings","nexo:trims/entity/humanoid/ce2_frosty","nexo:trims/models/armor/ce2_frosty","nexo:trims/entity/humanoid_leggings/ce2_frosty","nexo:trims/models/armor/ce2_frosty_leggings","trims/entity/humanoid/chainmail","trims/models/armor/chainmail","trims/entity/humanoid_leggings/chainmail","trims/models/armor/chainmail_leggings"],"palette_key":"trims/color_palettes/trim_palette","permutations":{"quartz":"trims/color_palettes/quartz","iron":"trims/color_palettes/iron","gold":"trims/color_palettes/gold","diamond":"trims/color_palettes/diamond","netherite":"trims/color_palettes/netherite","redstone":"trims/color_palettes/redstone","copper":"trims/color_palettes/copper","emerald":"trims/color_palettes/emerald","lapis":"trims/color_palettes/lapis","amethyst":"trims/color_palettes/amethyst"}}]}