{"sources":[{"type":"directory","source":"entity","prefix":"entity/"},{"type":"directory","source":"entity","prefix":"entity/"},{"type":"single","resource":"item/crossbow_standby"},{"type":"single","resource":"nexo:item/nexo_armor/forest_helmet"},{"type":"single","resource":"nexo:item/nexo_furniture/arm_chair"},{"type":"single","resource":"nexo:item/nexo_furniture/arm_chair_dyeable"},{"type":"single","resource":"nexo:item/nexo_furniture/coffee_table"},{"type":"single","resource":"nexo:item/nexo_furniture/coffee_table_dyeable"},{"type":"single","resource":"nexo:item/nexo_furniture/double_bed"},{"type":"single","resource":"nexo:item/nexo_furniture/double_bed_dyeable"},{"type":"single","resource":"nexo:item/nexo_furniture/end_table"},{"type":"single","resource":"nexo:item/nexo_furniture/end_table"},{"type":"single","resource":"nexo:item/nexo_furniture/sofa"},{"type":"single","resource":"nexo:item/nexo_furniture/sofa_dyeable"},{"type":"single","resource":"nexo:item/nexo_furniture/storage_chest"},{"type":"single","resource":"nexo:item/nexo_furniture/table_lamp"},{"type":"single","resource":"nexo:item/nexo_furniture/table_lamp"},{"type":"single","resource":"nexo:item/nexo_furniture/table_lamp_dyeable"},{"type":"single","resource":"nexo:item/nexo_furniture/table_lamp_dyeable"},{"type":"single","resource":"nexo:item/nexo_tools/forest_axe"},{"type":"single","resource":"nexo:item/nexo_tools/forest_axe"},{"type":"single","resource":"nexo:item/nexo_tools/forest_hoe"},{"type":"single","resource":"nexo:item/nexo_tools/forest_pickaxe"},{"type":"single","resource":"nexo:item/nexo_tools/forest_shield"},{"type":"single","resource":"nexo:item/nexo_tools/forest_shield"},{"type":"single","resource":"nexo:item/nexo_tools/forest_shovel"},{"type":"single","resource":"nexo:item/nexo_tools/forest_sword"},{"type":"single","resource":"modelengine:entity/cubee_gnome"},{"type":"single","resource":"modelengine:entity/cubee_gnome"},{"type":"single","resource":"modelengine:entity/cubee_gnome"},{"type":"single","resource":"modelengine:entity/cubee_gnome"},{"type":"single","resource":"modelengine:entity/cubee_gnome"},{"type":"single","resource":"modelengine:entity/empowered_ender_crawler"},{"type":"single","resource":"modelengine:entity/empowered_ender_crawler"},{"type":"single","resource":"modelengine:entity/empowered_ender_crawler"},{"type":"single","resource":"modelengine:entity/empowered_ender_crawler"},{"type":"single","resource":"modelengine:entity/empowered_ender_crawler"},{"type":"single","resource":"modelengine:entity/empowered_ender_crawler"},{"type":"single","resource":"modelengine:entity/empowered_ender_crawler"},{"type":"single","resource":"modelengine:entity/empowered_ender_crawler"},{"type":"single","resource":"modelengine:entity/empowered_ender_crawler"},{"type":"single","resource":"modelengine:entity/empowered_ender_crawler"},{"type":"single","resource":"modelengine:entity/empowered_ender_crawler"},{"type":"single","resource":"modelengine:entity/empowered_ender_crawler"},{"type":"single","resource":"modelengine:entity/empowered_ender_crawler"},{"type":"single","resource":"modelengine:entity/empowered_ender_crawler"},{"type":"single","resource":"modelengine:entity/empowered_ender_crawler"},{"type":"single","resource":"modelengine:entity/empowered_ender_crawler"},{"type":"single","resource":"modelengine:entity/empowered_ender_crawler"},{"type":"single","resource":"modelengine:entity/empowered_ender_crawler"},{"type":"single","resource":"modelengine:entity/empowered_ender_crawler"},{"type":"single","resource":"modelengine:entity/empowered_ender_watchman"},{"type":"single","resource":"modelengine:entity/empowered_ender_watchman"},{"type":"single","resource":"modelengine:entity/empowered_ender_watchman"},{"type":"single","resource":"modelengine:entity/empowered_ender_watchman"},{"type":"single","resource":"modelengine:entity/empowered_ender_watchman"},{"type":"single","resource":"modelengine:entity/empowered_ender_watchman"},{"type":"single","resource":"modelengine:entity/empowered_ender_watchman"},{"type":"single","resource":"modelengine:entity/empowered_ender_watchman"},{"type":"single","resource":"modelengine:entity/empowered_ender_watchman"},{"type":"single","resource":"modelengine:entity/empowered_ender_watchman"},{"type":"single","resource":"modelengine:entity/empowered_ender_watchman"},{"type":"single","resource":"modelengine:entity/empowered_ender_watchman"},{"type":"single","resource":"modelengine:entity/empowered_ender_watchman"},{"type":"single","resource":"modelengine:entity/empowered_ender_watchman"},{"type":"single","resource":"modelengine:entity/empowered_ender_watchman"},{"type":"single","resource":"modelengine:entity/empowered_ender_watchman"},{"type":"single","resource":"modelengine:entity/empowered_ender_watchman"},{"type":"single","resource":"modelengine:entity/empowered_ender_watchman"},{"type":"single","resource":"modelengine:entity/empowered_ender_watchman"},{"type":"single","resource":"modelengine:entity/empowered_ender_watchman"},{"type":"single","resource":"modelengine:entity/empowered_ender_watchman"},{"type":"single","resource":"modelengine:entity/empowered_ender_watchman"},{"type":"single","resource":"modelengine:entity/empowered_ender_watchman"},{"type":"single","resource":"modelengine:entity/empowered_ender_watchman"},{"type":"single","resource":"modelengine:entity/empowered_ender_watchman"},{"type":"single","resource":"modelengine:entity/empowered_ender_watchman"},{"type":"single","resource":"modelengine:entity/empowered_ender_watchman"},{"type":"single","resource":"modelengine:entity/empowered_ender_watchman"},{"type":"single","resource":"modelengine:entity/empowered_ender_watchman"},{"type":"single","resource":"modelengine:entity/empowered_ender_watchman"},{"type":"single","resource":"modelengine:entity/empowered_ender_watchman"},{"type":"single","resource":"modelengine:entity/empowered_ender_watchman"},{"type":"single","resource":"modelengine:entity/empowered_ender_watchman"},{"type":"single","resource":"modelengine:entity/empowered_ender_watchman"},{"type":"single","resource":"modelengine:entity/empowered_ender_watchman"},{"type":"single","resource":"modelengine:entity/empowered_ender_watchman"},{"type":"single","resource":"modelengine:entity/empowered_ender_watchman"},{"type":"single","resource":"modelengine:entity/empowered_ender_watchman"},{"type":"single","resource":"modelengine:entity/empowered_ender_watchman"},{"type":"single","resource":"modelengine:entity/empowered_ender_watchman"},{"type":"single","resource":"modelengine:entity/empowered_ender_watchman"},{"type":"single","resource":"modelengine:entity/empowered_ender_watchman"},{"type":"single","resource":"modelengine:entity/empowered_ender_watchman"},{"type":"single","resource":"modelengine:entity/empowered_ender_watchman"},{"type":"single","resource":"modelengine:entity/empowered_ender_watchman"},{"type":"single","resource":"modelengine:entity/empowered_ender_watchman"},{"type":"single","resource":"modelengine:entity/empowered_ender_watchman"},{"type":"single","resource":"modelengine:entity/empowered_ender_watchman"},{"type":"single","resource":"modelengine:entity/empowered_ender_watchman"},{"type":"single","resource":"modelengine:entity/empowered_ender_watchman"},{"type":"single","resource":"modelengine:entity/empowered_ender_watchman"},{"type":"single","resource":"modelengine:entity/empowered_ender_watchman"},{"type":"single","resource":"modelengine:entity/empowered_ender_watchman"},{"type":"single","resource":"modelengine:entity/empowered_ender_watchman"},{"type":"single","resource":"modelengine:entity/empowered_ender_watchman"},{"type":"single","resource":"modelengine:entity/endermauler"},{"type":"single","resource":"modelengine:entity/endermauler"},{"type":"single","resource":"modelengine:entity/endermauler"},{"type":"single","resource":"modelengine:entity/endermauler"},{"type":"single","resource":"modelengine:entity/endermauler"},{"type":"single","resource":"modelengine:entity/endermauler"},{"type":"single","resource":"modelengine:entity/endermauler"},{"type":"single","resource":"modelengine:entity/endermauler"},{"type":"single","resource":"modelengine:entity/endermauler"},{"type":"single","resource":"modelengine:entity/endermauler"},{"type":"single","resource":"modelengine:entity/endermauler"},{"type":"single","resource":"modelengine:entity/endermauler"},{"type":"single","resource":"modelengine:entity/endermauler"},{"type":"single","resource":"modelengine:entity/endermauler"},{"type":"single","resource":"modelengine:entity/endermauler"},{"type":"single","resource":"modelengine:entity/endermauler"},{"type":"single","resource":"modelengine:entity/endermauler"},{"type":"single","resource":"modelengine:entity/endermauler"},{"type":"single","resource":"modelengine:entity/endermauler"},{"type":"single","resource":"modelengine:entity/endermauler"},{"type":"single","resource":"modelengine:entity/endermauler"},{"type":"single","resource":"modelengine:entity/endermauler"},{"type":"single","resource":"modelengine:entity/endermauler"},{"type":"single","resource":"modelengine:entity/endermauler"},{"type":"single","resource":"modelengine:entity/endermauler"},{"type":"single","resource":"modelengine:entity/endermauler"},{"type":"single","resource":"modelengine:entity/endermauler"},{"type":"single","resource":"modelengine:entity/endermauler"},{"type":"single","resource":"modelengine:entity/endermauler"},{"type":"single","resource":"modelengine:entity/endermauler"},{"type":"single","resource":"modelengine:entity/endermauler"},{"type":"single","resource":"modelengine:entity/endermauler"},{"type":"single","resource":"modelengine:entity/endermauler"},{"type":"single","resource":"modelengine:entity/endermauler"},{"type":"single","resource":"modelengine:entity/endermauler"},{"type":"single","resource":"modelengine:entity/endermauler"},{"type":"single","resource":"modelengine:entity/endermauler"},{"type":"single","resource":"modelengine:entity/endermauler"},{"type":"single","resource":"modelengine:entity/endermauler"},{"type":"single","resource":"modelengine:entity/endermauler"},{"type":"single","resource":"modelengine:entity/endermauler"},{"type":"single","resource":"modelengine:entity/endermauler"},{"type":"single","resource":"modelengine:entity/endermauler"},{"type":"single","resource":"modelengine:entity/endermauler"},{"type":"single","resource":"modelengine:entity/endermauler"},{"type":"single","resource":"modelengine:entity/endermauler"},{"type":"single","resource":"modelengine:entity/endermauler"},{"type":"single","resource":"modelengine:entity/endermauler"},{"type":"single","resource":"modelengine:entity/endermauler"},{"type":"single","resource":"modelengine:entity/endermauler"},{"type":"single","resource":"modelengine:entity/endermauler"},{"type":"single","resource":"modelengine:entity/endermauler"},{"type":"single","resource":"modelengine:entity/endermauler"},{"type":"single","resource":"modelengine:entity/endermauler"},{"type":"single","resource":"modelengine:entity/endermauler"},{"type":"single","resource":"modelengine:entity/endermauler"},{"type":"single","resource":"modelengine:entity/endermauler"},{"type":"single","resource":"modelengine:entity/endermauler"},{"type":"single","resource":"modelengine:entity/endermauler"},{"type":"single","resource":"modelengine:entity/endermauler"},{"type":"single","resource":"modelengine:entity/cubee_krampus"},{"type":"single","resource":"modelengine:entity/cubee_krampus"},{"type":"single","resource":"modelengine:entity/cubee_krampus"},{"type":"single","resource":"modelengine:entity/cubee_krampus"},{"type":"single","resource":"modelengine:entity/cubee_krampus"},{"type":"single","resource":"modelengine:entity/cubee_krampus"},{"type":"single","resource":"modelengine:entity/cubee_krampus"},{"type":"single","resource":"modelengine:entity/cubee_krampus"},{"type":"single","resource":"modelengine:entity/cubee_krampus"},{"type":"single","resource":"modelengine:entity/cubee_krampus"},{"type":"single","resource":"modelengine:entity/cubee_krampus"},{"type":"single","resource":"modelengine:entity/cubee_krampus"},{"type":"single","resource":"modelengine:entity/cubee_krampus"},{"type":"single","resource":"modelengine:entity/cubee_cookies"},{"type":"single","resource":"modelengine:entity/cubee_cookies"},{"type":"single","resource":"modelengine:entity/cubee_cookies"},{"type":"single","resource":"modelengine:entity/cubee_cookies"},{"type":"single","resource":"modelengine:entity/cubee_cookies"},{"type":"single","resource":"modelengine:entity/cubee_cookies"},{"type":"single","resource":"modelengine:entity/cubee_cookies"},{"type":"single","resource":"modelengine:entity/cubee_cookies"},{"type":"single","resource":"modelengine:entity/vfx_end_teleport"},{"type":"single","resource":"modelengine:entity/vfx_end_teleport"},{"type":"single","resource":"modelengine:entity/vfx_end_teleport"},{"type":"single","resource":"modelengine:entity/vfx_end_teleport"},{"type":"single","resource":"modelengine:entity/vfx_end_teleport"},{"type":"single","resource":"modelengine:entity/vfx_end_teleport"},{"type":"single","resource":"modelengine:entity/vfx_end_teleport"},{"type":"single","resource":"modelengine:entity/vfx_end_teleport"},{"type":"single","resource":"modelengine:entity/vfx_end_teleport"},{"type":"single","resource":"modelengine:entity/vfx_end_teleport"},{"type":"single","resource":"modelengine:entity/vfx_end_teleport"},{"type":"single","resource":"modelengine:entity/vfx_end_teleport"},{"type":"single","resource":"modelengine:entity/vfx_end_teleport"},{"type":"single","resource":"modelengine:entity/vfx_end_teleport"},{"type":"single","resource":"modelengine:entity/ender_crawler"},{"type":"single","resource":"modelengine:entity/ender_crawler"},{"type":"single","resource":"modelengine:entity/ender_crawler"},{"type":"single","resource":"modelengine:entity/ender_crawler"},{"type":"single","resource":"modelengine:entity/ender_crawler"},{"type":"single","resource":"modelengine:entity/ender_crawler"},{"type":"single","resource":"modelengine:entity/ender_crawler"},{"type":"single","resource":"modelengine:entity/ender_crawler"},{"type":"single","resource":"modelengine:entity/ender_crawler"},{"type":"single","resource":"modelengine:entity/ender_crawler"},{"type":"single","resource":"modelengine:entity/ender_crawler"},{"type":"single","resource":"modelengine:entity/ender_crawler"},{"type":"single","resource":"modelengine:entity/ender_crawler"},{"type":"single","resource":"modelengine:entity/ender_crawler"},{"type":"single","resource":"modelengine:entity/ender_crawler"},{"type":"single","resource":"modelengine:entity/ender_crawler"},{"type":"single","resource":"modelengine:entity/ender_crawler"},{"type":"single","resource":"modelengine:entity/end_strider"},{"type":"single","resource":"modelengine:entity/end_strider"},{"type":"single","resource":"modelengine:entity/end_strider"},{"type":"single","resource":"modelengine:entity/end_strider"},{"type":"single","resource":"modelengine:entity/end_strider"},{"type":"single","resource":"modelengine:entity/end_strider"},{"type":"single","resource":"modelengine:entity/end_strider"},{"type":"single","resource":"modelengine:entity/end_strider"},{"type":"single","resource":"modelengine:entity/end_strider"},{"type":"single","resource":"modelengine:entity/end_strider"},{"type":"single","resource":"modelengine:entity/end_strider"},{"type":"single","resource":"modelengine:entity/end_strider"},{"type":"single","resource":"modelengine:entity/end_strider"},{"type":"single","resource":"modelengine:entity/end_strider"},{"type":"single","resource":"modelengine:entity/end_strider"},{"type":"single","resource":"modelengine:entity/end_strider"},{"type":"single","resource":"modelengine:entity/end_strider"},{"type":"single","resource":"modelengine:entity/end_strider"},{"type":"single","resource":"modelengine:entity/end_strider"},{"type":"single","resource":"modelengine:entity/end_strider"},{"type":"single","resource":"modelengine:entity/end_strider"},{"type":"single","resource":"modelengine:entity/end_strider_saddle"},{"type":"single","resource":"modelengine:entity/end_strider"},{"type":"single","resource":"modelengine:entity/end_strider"},{"type":"single","resource":"modelengine:entity/end_strider"},{"type":"single","resource":"modelengine:entity/end_strider"},{"type":"single","resource":"modelengine:entity/end_strider"},{"type":"single","resource":"modelengine:entity/end_strider"},{"type":"single","resource":"modelengine:entity/end_strider"},{"type":"single","resource":"modelengine:entity/end_strider"},{"type":"single","resource":"modelengine:entity/end_strider"},{"type":"single","resource":"modelengine:entity/end_strider"},{"type":"single","resource":"modelengine:entity/end_strider"},{"type":"single","resource":"modelengine:entity/end_strider"},{"type":"single","resource":"modelengine:entity/end_strider"},{"type":"single","resource":"modelengine:entity/end_strider"},{"type":"single","resource":"modelengine:entity/end_strider"},{"type":"single","resource":"modelengine:entity/end_strider"},{"type":"single","resource":"modelengine:entity/end_strider"},{"type":"single","resource":"modelengine:entity/end_strider"},{"type":"single","resource":"modelengine:entity/end_strider"},{"type":"single","resource":"modelengine:entity/end_strider"},{"type":"single","resource":"modelengine:entity/end_strider"},{"type":"single","resource":"modelengine:entity/end_strider"},{"type":"single","resource":"modelengine:entity/cubee_gift_box"},{"type":"single","resource":"modelengine:entity/cubee_gift_box"},{"type":"single","resource":"modelengine:entity/cubee_gift_box"},{"type":"single","resource":"modelengine:entity/cubee_gift_box"},{"type":"single","resource":"modelengine:entity/cubee_gift_box"},{"type":"single","resource":"modelengine:entity/cubee_gift_box"},{"type":"single","resource":"modelengine:entity/cubee_gift_box"},{"type":"single","resource":"modelengine:entity/cubee_gift_box"},{"type":"single","resource":"modelengine:entity/cubee_gift_box"},{"type":"single","resource":"modelengine:entity/cubee_gift_box"},{"type":"single","resource":"modelengine:entity/cubee_gift_box"},{"type":"single","resource":"modelengine:entity/cubee_penguin"},{"type":"single","resource":"modelengine:entity/cubee_penguin"},{"type":"single","resource":"modelengine:entity/cubee_penguin"},{"type":"single","resource":"modelengine:entity/cubee_penguin"},{"type":"single","resource":"modelengine:entity/cubee_penguin"},{"type":"single","resource":"modelengine:entity/cubee_penguin"},{"type":"single","resource":"modelengine:entity/cubee_penguin"},{"type":"single","resource":"modelengine:entity/cubee_penguin"},{"type":"single","resource":"modelengine:entity/cubee_penguin"},{"type":"single","resource":"modelengine:entity/cubee_penguin"},{"type":"single","resource":"modelengine:entity/cubee_penguin"},{"type":"single","resource":"modelengine:entity/cubee_tree"},{"type":"single","resource":"modelengine:entity/cubee_tree"},{"type":"single","resource":"modelengine:entity/cubee_tree"},{"type":"single","resource":"modelengine:entity/cubee_tree"},{"type":"single","resource":"modelengine:entity/cubee_tree"},{"type":"single","resource":"modelengine:entity/cubee_tree"},{"type":"single","resource":"modelengine:entity/cubee_tree"},{"type":"single","resource":"modelengine:entity/enderbruiser"},{"type":"single","resource":"modelengine:entity/enderbruiser"},{"type":"single","resource":"modelengine:entity/enderbruiser"},{"type":"single","resource":"modelengine:entity/enderbruiser"},{"type":"single","resource":"modelengine:entity/enderbruiser"},{"type":"single","resource":"modelengine:entity/enderbruiser"},{"type":"single","resource":"modelengine:entity/enderbruiser"},{"type":"single","resource":"modelengine:entity/enderbruiser"},{"type":"single","resource":"modelengine:entity/empowered_enderbruiser"},{"type":"single","resource":"modelengine:entity/empowered_enderbruiser"},{"type":"single","resource":"modelengine:entity/empowered_enderbruiser"},{"type":"single","resource":"modelengine:entity/empowered_enderbruiser"},{"type":"single","resource":"modelengine:entity/empowered_enderbruiser"},{"type":"single","resource":"modelengine:entity/empowered_enderbruiser"},{"type":"single","resource":"modelengine:entity/empowered_enderbruiser"},{"type":"single","resource":"modelengine:entity/empowered_enderbruiser"},{"type":"single","resource":"modelengine:entity/empowered_enderbruiser"},{"type":"single","resource":"modelengine:entity/empowered_enderbruiser"},{"type":"single","resource":"modelengine:entity/empowered_endermauler"},{"type":"single","resource":"modelengine:entity/empowered_endermauler"},{"type":"single","resource":"modelengine:entity/empowered_endermauler"},{"type":"single","resource":"modelengine:entity/empowered_endermauler"},{"type":"single","resource":"modelengine:entity/empowered_endermauler"},{"type":"single","resource":"modelengine:entity/empowered_endermauler"},{"type":"single","resource":"modelengine:entity/empowered_endermauler"},{"type":"single","resource":"modelengine:entity/empowered_endermauler"},{"type":"single","resource":"modelengine:entity/empowered_endermauler"},{"type":"single","resource":"modelengine:entity/empowered_endermauler"},{"type":"single","resource":"modelengine:entity/empowered_endermauler"},{"type":"single","resource":"modelengine:entity/empowered_endermauler"},{"type":"single","resource":"modelengine:entity/empowered_endermauler"},{"type":"single","resource":"modelengine:entity/empowered_endermauler"},{"type":"single","resource":"modelengine:entity/empowered_endermauler"},{"type":"single","resource":"modelengine:entity/empowered_endermauler"},{"type":"single","resource":"modelengine:entity/empowered_endermauler"},{"type":"single","resource":"modelengine:entity/empowered_endermauler"},{"type":"single","resource":"modelengine:entity/empowered_endermauler"},{"type":"single","resource":"modelengine:entity/empowered_endermauler"},{"type":"single","resource":"modelengine:entity/empowered_endermauler"},{"type":"single","resource":"modelengine:entity/empowered_endermauler"},{"type":"single","resource":"modelengine:entity/empowered_endermauler"},{"type":"single","resource":"modelengine:entity/empowered_endermauler"},{"type":"single","resource":"modelengine:entity/empowered_endermauler"},{"type":"single","resource":"modelengine:entity/empowered_endermauler"},{"type":"single","resource":"modelengine:entity/empowered_endermauler"},{"type":"single","resource":"modelengine:entity/empowered_endermauler"},{"type":"single","resource":"modelengine:entity/empowered_endermauler"},{"type":"single","resource":"modelengine:entity/empowered_endermauler"},{"type":"single","resource":"modelengine:entity/empowered_endermauler"},{"type":"single","resource":"modelengine:entity/empowered_endermauler"},{"type":"single","resource":"modelengine:entity/empowered_endermauler"},{"type":"single","resource":"modelengine:entity/empowered_endermauler"},{"type":"single","resource":"modelengine:entity/empowered_endermauler"},{"type":"single","resource":"modelengine:entity/empowered_endermauler"},{"type":"single","resource":"modelengine:entity/empowered_endermauler"},{"type":"single","resource":"modelengine:entity/empowered_endermauler"},{"type":"single","resource":"modelengine:entity/empowered_endermauler"},{"type":"single","resource":"modelengine:entity/empowered_endermauler"},{"type":"single","resource":"modelengine:entity/empowered_endermauler"},{"type":"single","resource":"modelengine:entity/empowered_endermauler"},{"type":"single","resource":"modelengine:entity/empowered_endermauler"},{"type":"single","resource":"modelengine:entity/empowered_endermauler"},{"type":"single","resource":"modelengine:entity/empowered_endermauler"},{"type":"single","resource":"modelengine:entity/empowered_endermauler"},{"type":"single","resource":"modelengine:entity/empowered_endermauler"},{"type":"single","resource":"modelengine:entity/empowered_endermauler"},{"type":"single","resource":"modelengine:entity/empowered_endermauler"},{"type":"single","resource":"modelengine:entity/empowered_endermauler"},{"type":"single","resource":"modelengine:entity/empowered_endermauler"},{"type":"single","resource":"modelengine:entity/empowered_endermauler"},{"type":"single","resource":"modelengine:entity/empowered_endermauler"},{"type":"single","resource":"modelengine:entity/empowered_endermauler"},{"type":"single","resource":"modelengine:entity/empowered_endermauler"},{"type":"single","resource":"modelengine:entity/empowered_endermauler"},{"type":"single","resource":"modelengine:entity/empowered_endermauler"},{"type":"single","resource":"modelengine:entity/empowered_endermauler"},{"type":"single","resource":"modelengine:entity/empowered_endermauler"},{"type":"single","resource":"modelengine:entity/empowered_endermauler"},{"type":"single","resource":"modelengine:entity/empowered_endermauler"},{"type":"single","resource":"modelengine:entity/empowered_endermauler"},{"type":"single","resource":"modelengine:entity/empowered_endermauler"},{"type":"single","resource":"modelengine:entity/empowered_endermauler"},{"type":"single","resource":"modelengine:entity/empowered_endermauler"},{"type":"single","resource":"modelengine:entity/empowered_endermauler"},{"type":"single","resource":"modelengine:entity/empowered_endermauler"},{"type":"single","resource":"modelengine:entity/empowered_endermauler"},{"type":"single","resource":"modelengine:entity/empowered_endermauler"},{"type":"single","resource":"modelengine:entity/empowered_endermauler"},{"type":"single","resource":"modelengine:entity/empowered_endermauler"},{"type":"single","resource":"modelengine:entity/empowered_endermauler"},{"type":"single","resource":"modelengine:entity/empowered_endermauler"},{"type":"single","resource":"modelengine:entity/empowered_endermauler"},{"type":"single","resource":"modelengine:entity/empowered_endermauler"},{"type":"single","resource":"modelengine:entity/empowered_endermauler"},{"type":"single","resource":"modelengine:entity/empowered_endermauler"},{"type":"single","resource":"modelengine:entity/empowered_endermauler"},{"type":"single","resource":"modelengine:entity/empowered_endermauler"},{"type":"single","resource":"modelengine:entity/empowered_endermauler"},{"type":"single","resource":"modelengine:entity/empowered_endermauler"},{"type":"single","resource":"modelengine:entity/empowered_endermauler"},{"type":"single","resource":"modelengine:entity/empowered_endermauler"},{"type":"single","resource":"modelengine:entity/empowered_endermauler"},{"type":"single","resource":"modelengine:entity/empowered_endermauler"},{"type":"single","resource":"modelengine:entity/empowered_endermauler"},{"type":"single","resource":"modelengine:entity/empowered_endermauler"},{"type":"single","resource":"modelengine:entity/empowered_endermauler"},{"type":"single","resource":"modelengine:entity/empowered_endermauler"},{"type":"single","resource":"modelengine:entity/end_wraith"},{"type":"single","resource":"modelengine:entity/end_wraith"},{"type":"single","resource":"modelengine:entity/end_wraith"},{"type":"single","resource":"modelengine:entity/end_wraith"},{"type":"single","resource":"modelengine:entity/end_wraith"},{"type":"single","resource":"modelengine:entity/end_wraith"},{"type":"single","resource":"modelengine:entity/end_wraith"},{"type":"single","resource":"modelengine:entity/end_wraith"},{"type":"single","resource":"modelengine:entity/end_wraith_anim"},{"type":"single","resource":"modelengine:entity/end_wraith"},{"type":"single","resource":"modelengine:entity/end_wraith"},{"type":"single","resource":"modelengine:entity/end_wraith"},{"type":"single","resource":"modelengine:entity/end_wraith"},{"type":"single","resource":"modelengine:entity/end_wraith"},{"type":"single","resource":"modelengine:entity/end_wraith"},{"type":"single","resource":"modelengine:entity/end_wraith_anim"},{"type":"single","resource":"modelengine:entity/end_wraith"},{"type":"single","resource":"modelengine:entity/end_wraith"},{"type":"single","resource":"modelengine:entity/end_wraith"},{"type":"single","resource":"modelengine:entity/end_wraith_anim"},{"type":"single","resource":"modelengine:entity/end_wraith"},{"type":"single","resource":"modelengine:entity/end_wraith"},{"type":"single","resource":"modelengine:entity/end_wraith"},{"type":"single","resource":"modelengine:entity/end_wraith"},{"type":"single","resource":"modelengine:entity/end_wraith"},{"type":"single","resource":"modelengine:entity/end_wraith"},{"type":"single","resource":"modelengine:entity/end_wraith"},{"type":"single","resource":"modelengine:entity/empowered_end_strider"},{"type":"single","resource":"modelengine:entity/empowered_end_strider"},{"type":"single","resource":"modelengine:entity/empowered_end_strider"},{"type":"single","resource":"modelengine:entity/empowered_end_strider"},{"type":"single","resource":"modelengine:entity/empowered_end_strider"},{"type":"single","resource":"modelengine:entity/empowered_end_strider"},{"type":"single","resource":"modelengine:entity/empowered_end_strider"},{"type":"single","resource":"modelengine:entity/empowered_end_strider"},{"type":"single","resource":"modelengine:entity/empowered_end_strider"},{"type":"single","resource":"modelengine:entity/empowered_end_strider"},{"type":"single","resource":"modelengine:entity/empowered_end_strider"},{"type":"single","resource":"modelengine:entity/empowered_end_strider"},{"type":"single","resource":"modelengine:entity/empowered_end_strider"},{"type":"single","resource":"modelengine:entity/empowered_end_strider"},{"type":"single","resource":"modelengine:entity/empowered_end_strider"},{"type":"single","resource":"modelengine:entity/empowered_end_strider"},{"type":"single","resource":"modelengine:entity/empowered_end_strider"},{"type":"single","resource":"modelengine:entity/empowered_end_strider"},{"type":"single","resource":"modelengine:entity/empowered_end_strider"},{"type":"single","resource":"modelengine:entity/empowered_end_strider"},{"type":"single","resource":"modelengine:entity/empowered_end_strider"},{"type":"single","resource":"modelengine:entity/empowered_end_strider"},{"type":"single","resource":"modelengine:entity/empowered_end_strider"},{"type":"single","resource":"modelengine:entity/empowered_end_strider"},{"type":"single","resource":"modelengine:entity/empowered_end_strider"},{"type":"single","resource":"modelengine:entity/empowered_end_strider"},{"type":"single","resource":"modelengine:entity/empowered_end_strider"},{"type":"single","resource":"modelengine:entity/empowered_end_strider"},{"type":"single","resource":"modelengine:entity/empowered_end_strider"},{"type":"single","resource":"modelengine:entity/empowered_end_strider"},{"type":"single","resource":"modelengine:entity/empowered_end_strider"},{"type":"single","resource":"modelengine:entity/empowered_end_strider"},{"type":"single","resource":"modelengine:entity/empowered_end_strider"},{"type":"single","resource":"modelengine:entity/empowered_end_strider"},{"type":"single","resource":"modelengine:entity/empowered_end_strider"},{"type":"single","resource":"modelengine:entity/empowered_end_strider"},{"type":"single","resource":"modelengine:entity/end_strider_saddle"},{"type":"single","resource":"modelengine:entity/empowered_end_strider"},{"type":"single","resource":"modelengine:entity/empowered_end_strider"},{"type":"single","resource":"modelengine:entity/empowered_end_strider"},{"type":"single","resource":"modelengine:entity/empowered_end_strider"},{"type":"single","resource":"modelengine:entity/empowered_end_strider"},{"type":"single","resource":"modelengine:entity/empowered_end_strider"},{"type":"single","resource":"modelengine:entity/empowered_end_strider"},{"type":"single","resource":"modelengine:entity/empowered_end_strider"},{"type":"single","resource":"modelengine:entity/empowered_end_strider"},{"type":"single","resource":"modelengine:entity/empowered_end_strider"},{"type":"single","resource":"modelengine:entity/empowered_end_strider"},{"type":"single","resource":"modelengine:entity/empowered_end_strider"},{"type":"single","resource":"modelengine:entity/empowered_end_strider"},{"type":"single","resource":"modelengine:entity/empowered_end_strider"},{"type":"single","resource":"modelengine:entity/empowered_end_strider"},{"type":"single","resource":"modelengine:entity/empowered_end_strider"},{"type":"single","resource":"modelengine:entity/empowered_end_strider"},{"type":"single","resource":"modelengine:entity/empowered_end_strider"},{"type":"single","resource":"modelengine:entity/empowered_end_strider"},{"type":"single","resource":"modelengine:entity/empowered_end_strider"},{"type":"single","resource":"modelengine:entity/empowered_end_strider"},{"type":"single","resource":"modelengine:entity/empowered_end_strider"},{"type":"single","resource":"modelengine:entity/empowered_end_strider"},{"type":"single","resource":"modelengine:entity/empowered_end_strider"},{"type":"single","resource":"modelengine:entity/empowered_end_strider"},{"type":"single","resource":"modelengine:entity/empowered_end_strider"},{"type":"single","resource":"modelengine:entity/empowered_end_strider"},{"type":"single","resource":"modelengine:entity/empowered_end_strider"},{"type":"single","resource":"modelengine:entity/empowered_end_strider"},{"type":"single","resource":"modelengine:entity/empowered_end_strider"},{"type":"single","resource":"modelengine:entity/empowered_end_strider"},{"type":"single","resource":"modelengine:entity/empowered_end_strider"},{"type":"single","resource":"modelengine:entity/empowered_end_strider"},{"type":"single","resource":"modelengine:entity/empowered_end_strider"},{"type":"single","resource":"modelengine:entity/empowered_end_strider"},{"type":"single","resource":"modelengine:entity/empowered_end_strider"},{"type":"single","resource":"modelengine:entity/empowered_end_strider"},{"type":"single","resource":"modelengine:entity/empowered_end_strider"},{"type":"single","resource":"modelengine:entity/empowered_end_strider"},{"type":"single","resource":"modelengine:entity/empowered_end_strider"},{"type":"single","resource":"modelengine:entity/empowered_end_strider"},{"type":"single","resource":"modelengine:entity/empowered_end_strider"},{"type":"single","resource":"modelengine:entity/empowered_end_strider"},{"type":"single","resource":"modelengine:entity/empowered_end_strider"},{"type":"single","resource":"modelengine:entity/empowered_end_strider"},{"type":"single","resource":"modelengine:entity/ender_watchman"},{"type":"single","resource":"modelengine:entity/ender_watchman"},{"type":"single","resource":"modelengine:entity/ender_watchman"},{"type":"single","resource":"modelengine:entity/ender_watchman"},{"type":"single","resource":"modelengine:entity/ender_watchman"},{"type":"single","resource":"modelengine:entity/ender_watchman"},{"type":"single","resource":"modelengine:entity/ender_watchman"},{"type":"single","resource":"modelengine:entity/ender_watchman"},{"type":"single","resource":"modelengine:entity/ender_watchman"},{"type":"single","resource":"modelengine:entity/ender_watchman"},{"type":"single","resource":"modelengine:entity/ender_watchman"},{"type":"single","resource":"modelengine:entity/ender_watchman"},{"type":"single","resource":"modelengine:entity/ender_watchman"},{"type":"single","resource":"modelengine:entity/ender_watchman"},{"type":"single","resource":"modelengine:entity/ender_watchman"},{"type":"single","resource":"modelengine:entity/ender_watchman"},{"type":"single","resource":"modelengine:entity/ender_watchman"},{"type":"single","resource":"modelengine:entity/ender_watchman"},{"type":"single","resource":"modelengine:entity/ender_watchman"},{"type":"single","resource":"modelengine:entity/ender_watchman"},{"type":"single","resource":"modelengine:entity/ender_watchman"},{"type":"single","resource":"modelengine:entity/ender_watchman"},{"type":"single","resource":"modelengine:entity/ender_watchman"},{"type":"single","resource":"modelengine:entity/ender_watchman"},{"type":"single","resource":"modelengine:entity/ender_watchman"},{"type":"single","resource":"modelengine:entity/ender_watchman"},{"type":"single","resource":"modelengine:entity/ender_watchman"},{"type":"single","resource":"modelengine:entity/ender_watchman"},{"type":"single","resource":"modelengine:entity/ender_watchman"},{"type":"single","resource":"modelengine:entity/ender_watchman"},{"type":"single","resource":"modelengine:entity/ender_watchman"},{"type":"single","resource":"modelengine:entity/ender_watchman"},{"type":"single","resource":"modelengine:entity/ender_watchman"},{"type":"single","resource":"modelengine:entity/ender_watchman"},{"type":"single","resource":"modelengine:entity/ender_watchman"},{"type":"single","resource":"modelengine:entity/ender_watchman"},{"type":"single","resource":"modelengine:entity/ender_watchman"},{"type":"single","resource":"modelengine:entity/ender_watchman"},{"type":"single","resource":"modelengine:entity/ender_watchman"},{"type":"single","resource":"modelengine:entity/ender_watchman"},{"type":"single","resource":"modelengine:entity/ender_watchman"},{"type":"single","resource":"modelengine:entity/ender_watchman"},{"type":"single","resource":"modelengine:entity/ender_watchman"},{"type":"single","resource":"modelengine:entity/ender_watchman"},{"type":"single","resource":"modelengine:entity/ender_watchman"},{"type":"single","resource":"modelengine:entity/ender_watchman"},{"type":"single","resource":"modelengine:entity/ender_watchman"},{"type":"single","resource":"modelengine:entity/ender_watchman"},{"type":"single","resource":"modelengine:entity/ender_watchman"},{"type":"single","resource":"modelengine:entity/ender_watchman"},{"type":"single","resource":"modelengine:entity/ender_watchman"},{"type":"single","resource":"modelengine:entity/ender_watchman"},{"type":"single","resource":"modelengine:entity/ender_watchman"},{"type":"single","resource":"modelengine:entity/cubee_santa"},{"type":"single","resource":"modelengine:entity/cubee_santa"},{"type":"single","resource":"modelengine:entity/cubee_santa"},{"type":"single","resource":"modelengine:entity/cubee_santa"},{"type":"single","resource":"modelengine:entity/cubee_santa"},{"type":"single","resource":"modelengine:entity/cubee_santa"},{"type":"single","resource":"modelengine:entity/cubee_santa"},{"type":"single","resource":"modelengine:entity/cubee_santa"},{"type":"single","resource":"modelengine:entity/cubee_santa"},{"type":"single","resource":"modelengine:entity/cubee_deer"},{"type":"single","resource":"modelengine:entity/cubee_deer"},{"type":"single","resource":"modelengine:entity/cubee_deer"},{"type":"single","resource":"modelengine:entity/cubee_deer"},{"type":"single","resource":"modelengine:entity/cubee_deer"},{"type":"single","resource":"modelengine:entity/cubee_deer"},{"type":"single","resource":"modelengine:entity/cubee_deer"},{"type":"single","resource":"modelengine:entity/cubee_deer"},{"type":"single","resource":"modelengine:entity/enderling"},{"type":"single","resource":"modelengine:entity/enderling"},{"type":"single","resource":"modelengine:entity/enderling"},{"type":"single","resource":"modelengine:entity/enderling"},{"type":"single","resource":"modelengine:entity/enderling"},{"type":"single","resource":"modelengine:entity/enderling"},{"type":"single","resource":"modelengine:entity/enderling"},{"type":"single","resource":"modelengine:entity/enderling"},{"type":"single","resource":"modelengine:entity/empowered_end_wraith"},{"type":"single","resource":"modelengine:entity/empowered_end_wraith"},{"type":"single","resource":"modelengine:entity/empowered_end_wraith"},{"type":"single","resource":"modelengine:entity/empowered_end_wraith"},{"type":"single","resource":"modelengine:entity/empowered_end_wraith"},{"type":"single","resource":"modelengine:entity/empowered_end_wraith"},{"type":"single","resource":"modelengine:entity/empowered_end_wraith"},{"type":"single","resource":"modelengine:entity/empowered_end_wraith"},{"type":"single","resource":"modelengine:entity/empowered_end_wraith"},{"type":"single","resource":"modelengine:entity/empowered_end_wraith"},{"type":"single","resource":"modelengine:entity/empowered_end_wraith_anim"},{"type":"single","resource":"modelengine:entity/empowered_end_wraith"},{"type":"single","resource":"modelengine:entity/empowered_end_wraith_anim"},{"type":"single","resource":"modelengine:entity/empowered_end_wraith"},{"type":"single","resource":"modelengine:entity/empowered_end_wraith"},{"type":"single","resource":"modelengine:entity/empowered_end_wraith"},{"type":"single","resource":"modelengine:entity/empowered_end_wraith"},{"type":"single","resource":"modelengine:entity/empowered_end_wraith"},{"type":"single","resource":"modelengine:entity/empowered_end_wraith"},{"type":"single","resource":"modelengine:entity/empowered_end_wraith"},{"type":"single","resource":"modelengine:entity/empowered_end_wraith_anim"},{"type":"single","resource":"modelengine:entity/empowered_end_wraith"},{"type":"single","resource":"modelengine:entity/empowered_end_wraith"},{"type":"single","resource":"modelengine:entity/empowered_end_wraith"},{"type":"single","resource":"modelengine:entity/empowered_end_wraith"},{"type":"single","resource":"modelengine:entity/empowered_end_wraith"},{"type":"single","resource":"modelengine:entity/empowered_end_wraith_anim"},{"type":"single","resource":"modelengine:entity/empowered_end_wraith"},{"type":"single","resource":"modelengine:entity/empowered_end_wraith"},{"type":"single","resource":"modelengine:entity/empowered_end_wraith"},{"type":"single","resource":"modelengine:entity/empowered_end_wraith"},{"type":"single","resource":"modelengine:entity/empowered_end_wraith"},{"type":"single","resource":"modelengine:entity/empowered_end_wraith"},{"type":"single","resource":"modelengine:entity/empowered_end_wraith"},{"type":"single","resource":"modelengine:entity/empowered_end_wraith"},{"type":"single","resource":"modelengine:entity/empowered_end_wraith"},{"type":"single","resource":"modelengine:entity/empowered_enderling"},{"type":"single","resource":"modelengine:entity/empowered_enderling"},{"type":"single","resource":"modelengine:entity/empowered_enderling"},{"type":"single","resource":"modelengine:entity/empowered_enderling"},{"type":"single","resource":"modelengine:entity/empowered_enderling"},{"type":"single","resource":"modelengine:entity/empowered_enderling"},{"type":"single","resource":"modelengine:entity/empowered_enderling"},{"type":"single","resource":"modelengine:entity/empowered_enderling"},{"type":"single","resource":"modelengine:entity/empowered_enderling"},{"type":"single","resource":"modelengine:entity/empowered_enderling"},{"type":"single","resource":"item/leather_horse_armor"},{"type":"single","resource":"default/blood_sword"},{"type":"single","resource":"default/crown"},{"type":"single","resource":"default/combat_bow"},{"type":"single","resource":"default/magical_wand0"},{"type":"single","resource":"default/magical_wand1"},{"type":"single","resource":"default/energy_crystal_sword"},{"type":"single","resource":"default/ice_staff"},{"type":"single","resource":"default/combat_bow"},{"type":"single","resource":"default/earth_hammer"},{"type":"single","resource":"default/space_helmet"},{"type":"single","resource":"default/divine_shield"},{"type":"single","resource":"default/bedrock_pickaxe0"},{"type":"single","resource":"default/bedrock_pickaxe1"},{"type":"single","resource":"default/bedrock_pickaxe2"},{"type":"single","resource":"default/goblin_beetle0"},{"type":"single","resource":"default/goblin_beetle1"},{"type":"single","resource":"default/goblin_beetle2"},{"type":"single","resource":"default/goblin_beetle3"},{"type":"single","resource":"default/goblin_beetle4"},{"type":"single","resource":"default/octavia_sword"},{"type":"single","resource":"default/amethyst"},{"type":"single","resource":"default/caveblock"},{"type":"single","resource":"default/caveblock"},{"type":"single","resource":"default/magic_book"},{"type":"single","resource":"default/anubis_head"},{"type":"single","resource":"default/great_sword"},{"type":"single","resource":"default/wood_sword"},{"type":"single","resource":"default/withooker"},{"type":"single","resource":"default/shelf"},{"type":"single","resource":"default/shelf"},{"type":"single","resource":"default/witch_hat0"},{"type":"single","resource":"default/witch_hat1"},{"type":"single","resource":"default/witch_hat2"},{"type":"single","resource":"default/legendary_hammer0"},{"type":"single","resource":"default/legendary_hammer1"},{"type":"single","resource":"default/bone_sword"},{"type":"single","resource":"default/katana0"},{"type":"single","resource":"default/katana1"},{"type":"single","resource":"default/katana2"},{"type":"single","resource":"default/pharaoh_head"},{"type":"single","resource":"default/battle_axe"},{"type":"single","resource":"default/divine_shield"},{"type":"single","resource":"default/cart"},{"type":"single","resource":"default/combat_bow"},{"type":"single","resource":"default/coach"},{"type":"single","resource":"default/dagger0"},{"type":"single","resource":"default/dagger1"},{"type":"single","resource":"default/dagger2"},{"type":"single","resource":"default/dagger3"},{"type":"single","resource":"default/combat_bow"},{"type":"single","resource":"default/storm_sword0"},{"type":"single","resource":"default/storm_sword1"},{"type":"single","resource":"default/storm_sword2"},{"type":"single","resource":"default/storm_sword3"},{"type":"single","resource":"default/storm_sword4"},{"type":"single","resource":"default/table"},{"type":"single","resource":"default/magical_axe0"},{"type":"single","resource":"default/magical_axe1"},{"type":"single","resource":"default/chair"},{"type":"single","resource":"enderdragon/enderdragon_bow"},{"type":"single","resource":"enderdragon/ender_dust_animation"},{"type":"single","resource":"enderdragon/enderdragon_bow_arrow"},{"type":"single","resource":"enderdragon/enderdragon_bow"},{"type":"single","resource":"enderdragon/enderdragon_bow"},{"type":"single","resource":"enderdragon/ender_dust_animation"},{"type":"single","resource":"enderdragon/enderdragon_bow_arrow"},{"type":"single","resource":"enderdragon/enderdragon_bow"},{"type":"single","resource":"enderdragon/ender_dust_animation"},{"type":"single","resource":"enderdragon/enderdragon_shield"},{"type":"single","resource":"enderdragon/ender_dust_animation"},{"type":"single","resource":"enderdragon/enderdragon_hoe"},{"type":"single","resource":"enderdragon/ender_dust_animation"},{"type":"single","resource":"enderdragon/enderdragon_pickaxe"},{"type":"single","resource":"enderdragon/ender_dust_animation"},{"type":"single","resource":"enderdragon/enderdragon_fishing_rod"},{"type":"single","resource":"enderdragon/enderdragon_sword"},{"type":"single","resource":"enderdragon/enderdragon_bow"},{"type":"single","resource":"enderdragon/ender_dust_animation"},{"type":"single","resource":"enderdragon/enderdragon_bow_arrow"},{"type":"single","resource":"enderdragon/enderdragon_bow"},{"type":"single","resource":"enderdragon/ender_dust_animation"},{"type":"single","resource":"enderdragon/enderdragon_sword"},{"type":"single","resource":"enderdragon/enderdragon_sword"},{"type":"single","resource":"enderdragon/ender_dust_animation"},{"type":"single","resource":"enderdragon/enderdragon_fishing_rod"},{"type":"single","resource":"enderdragon/enderdragon_fishing_rod"},{"type":"single","resource":"enderdragon/ender_dust_animation"},{"type":"single","resource":"enderdragon/enderdragon_shovel"},{"type":"single","resource":"enderdragon/enderdragon_shovel"},{"type":"single","resource":"enderdragon/ender_dust_animation"},{"type":"single","resource":"enderdragon/enderdragon_axe"},{"type":"single","resource":"enderdragon/enderdragon_axe"},{"type":"single","resource":"enderdragon/ender_dust_animation"},{"type":"single","resource":"enderdragon/enderdragon_shield"},{"type":"single","resource":"enderdragon/enderdragon_bow"},{"type":"single","resource":"enderdragon/ender_dust_animation"},{"type":"single","resource":"enderdragon/enderdragon_bow"},{"type":"single","resource":"spectra_hmccosmetics_menu/dye_item"},{"type":"single","resource":"cosmetic_expansion_v1/cyber_blade"},{"type":"single","resource":"cosmetic_expansion_v1/cyber_blade_animations"},{"type":"single","resource":"cosmetic_expansion_v1/cyber_blade_animations"},{"type":"single","resource":"cosmetic_expansion_v1/phantom_king_crown_animation"},{"type":"single","resource":"cosmetic_expansion_v1/phantom_king_crown_animation_2"},{"type":"single","resource":"cosmetic_expansion_v1/phantom_king_shield"},{"type":"single","resource":"cosmetic_expansion_v1/phantom_king_crown_animation"},{"type":"single","resource":"cosmetic_expansion_v1/treasure_chest"},{"type":"single","resource":"cosmetic_expansion_v1/phantom_king_crown_animation"},{"type":"single","resource":"cosmetic_expansion_v1/phantom_king_crown_animation_2"},{"type":"single","resource":"cosmetic_expansion_v1/phantom_king_crown"},{"type":"single","resource":"cosmetic_expansion_v1/phantom_king_crown_animation"},{"type":"single","resource":"cosmetic_expansion_v1/shadow_dragon_claw_animations"},{"type":"single","resource":"cosmetic_expansion_v1/shadow_dragon_claw"},{"type":"single","resource":"cosmetic_expansion_v1/shadow_dragon_claw_animations_2"},{"type":"single","resource":"cosmetic_expansion_v1/shadow_dragon_claw"},{"type":"single","resource":"cosmetic_expansion_v1/shadow_dragon_wings"},{"type":"single","resource":"cosmetic_expansion_v1/shadow_dragon_wings"},{"type":"single","resource":"cosmetic_expansion_v1/cutlass"},{"type":"single","resource":"cosmetic_expansion_v1/cutlass"},{"type":"single","resource":"cosmetic_expansion_v1/pirate_hat"},{"type":"single","resource":"cosmetic_expansion_v1/pirate_hat"},{"type":"single","resource":"cosmetic_expansion_v1/shadow_dragon_smoke"},{"type":"single","resource":"cosmetic_expansion_v1/shadow_dragon_head"},{"type":"single","resource":"cosmetic_expansion_v1/chicken_wings"},{"type":"single","resource":"cosmetic_expansion_v1/chicken_wings"},{"type":"single","resource":"cosmetic_expansion_v1/egg_staff"},{"type":"single","resource":"cosmetic_expansion_v1/cyber_visor"},{"type":"single","resource":"cosmetic_expansion_v1/cyber_visor_animations"},{"type":"single","resource":"cosmetic_expansion_v1/cyber_visor_animations"},{"type":"single","resource":"cosmetic_expansion_v1/chicken_hat"},{"type":"single","resource":"cosmetic_expansion_v1/phantom_king_crown_animation"},{"type":"single","resource":"cosmetic_expansion_v1/phantom_septer"},{"type":"single","resource":"cosmetic_expansion_v1/phantom_king_crown_animation"},{"type":"single","resource":"cosmetic_expansion_v1/cyber_jetpack"},{"type":"single","resource":"cosmetic_expansion_v1/cyber_jetpack_animations"},{"type":"single","resource":"cosmetic_expansion_v2/frosty_sword"},{"type":"single","resource":"cosmetic_expansion_v2/frosty_helmet"},{"type":"single","resource":"cosmetic_expansion_v2/nutcracker_head"},{"type":"single","resource":"cosmetic_expansion_v2/stocking_backpack"},{"type":"single","resource":"cosmetic_expansion_v2/cuckoo_birdhouse"},{"type":"single","resource":"cosmetic_expansion_v2/santa_hat"},{"type":"single","resource":"cosmetic_expansion_v2/christmas_axe_lights"},{"type":"single","resource":"cosmetic_expansion_v2/christmas_axe"},{"type":"single","resource":"cosmetic_expansion_v2/krampus_tail"},{"type":"single","resource":"cosmetic_expansion_v2/krampus_pitchfork_fire"},{"type":"single","resource":"cosmetic_expansion_v2/frosty_shield"},{"type":"single","resource":"cosmetic_expansion_v2/nutcracker_staff"},{"type":"single","resource":"cosmetic_expansion_v2/nutcracker_staff"},{"type":"single","resource":"cosmetic_expansion_v2/krampus_pitchfork_fire"},{"type":"single","resource":"cosmetic_expansion_v2/krampus_pitchfork"},{"type":"single","resource":"cosmetic_expansion_v2/krampus_horn_fire"},{"type":"single","resource":"cosmetic_expansion_v2/krampus_horns"},{"type":"single","resource":"cosmetic_expansion_v2/krampus_horn_fire"},{"type":"single","resource":"item/diamond_axe"},{"type":"single","resource":"item/bow"},{"type":"single","resource":"item/diamond_sword"},{"type":"single","resource":"item/diamond_hoe"},{"type":"single","resource":"item/wooden_sword"},{"type":"single","resource":"item/diamond_shovel"},{"type":"single","resource":"item/diamond_pickaxe"},{"type":"single","resource":"hmccosmetics/garbage_truck_balloon"},{"type":"single","resource":"hmccosmetics/explorer_backpack"},{"type":"single","resource":"hmccosmetics/earth_day_grabber"},{"type":"single","resource":"hmccosmetics/kite_colors"},{"type":"single","resource":"hmccosmetics/kite"},{"type":"single","resource":"hmccosmetics/kite"},{"type":"single","resource":"hmccosmetics/backpack"},{"type":"single","resource":"hmccosmetics/backpack"},{"type":"single","resource":"hmccosmetics/jetpack"},{"type":"single","resource":"hmccosmetics/jetpack_animation"},{"type":"single","resource":"hmccosmetics/jetpack"},{"type":"single","resource":"hmccosmetics/baseball_hat"},{"type":"single","resource":"hmccosmetics/baseball_hat"},{"type":"single","resource":"hmccosmetics/hammer"},{"type":"single","resource":"hmccosmetics/hammer"},{"type":"single","resource":"hmccosmetics/backpack"},{"type":"single","resource":"hmccosmetics/backpack"},{"type":"single","resource":"hmccosmetics/arrow_back"},{"type":"single","resource":"hmccosmetics/hibiscus_flower"},{"type":"single","resource":"hmccosmetics/arrow_next"},{"type":"single","resource":"hmccosmetics/frog_hat"},{"type":"single","resource":"hmccosmetics/beanie"},{"type":"single","resource":"hmccosmetics/beanie"},{"type":"single","resource":"hmccosmetics/lantern_cosmetic"},{"type":"single","resource":"hmccosmetics/colorful"},{"type":"single","resource":"hmccosmetics/future_wings"},{"type":"single","resource":"hmccosmetics/future_wings"},{"type":"single","resource":"hmccosmetics/paintbrush_paint"},{"type":"single","resource":"hmccosmetics/paintbrush"},{"type":"single","resource":"hmccosmetics/explorer_backpack"},{"type":"single","resource":"hmccosmetics/future_wings"},{"type":"single","resource":"hmccosmetics/future_wings"},{"type":"single","resource":"hmccosmetics/jetpack"},{"type":"single","resource":"hmccosmetics/jetpack_animation"},{"type":"single","resource":"hmccosmetics/jetpack"},{"type":"single","resource":"survival/frozengear_bow"},{"type":"single","resource":"survival/frozengear_bowstring"},{"type":"single","resource":"survival/ice_gear_bow"},{"type":"single","resource":"survival/frozengear_bow_arrow"},{"type":"single","resource":"survival/ice_vfx_1"},{"type":"single","resource":"survival/ice_gear_vfx"},{"type":"single","resource":"survival/frozengear_pickaxe"},{"type":"single","resource":"survival/frozengear_pickaxe"},{"type":"single","resource":"survival/frozengear_bow"},{"type":"single","resource":"survival/frozengear_bowstring"},{"type":"single","resource":"survival/ice_gear_vfx"},{"type":"single","resource":"survival/ice_vfx_1"},{"type":"single","resource":"survival/n_sword_vfx"},{"type":"single","resource":"survival/nemesis_vfx"},{"type":"single","resource":"survival/n_axe"},{"type":"single","resource":"survival/frozengear_bow"},{"type":"single","resource":"survival/frozengear_bowstring"},{"type":"single","resource":"survival/ice_gear_vfx_bow"},{"type":"single","resource":"survival/ice_vfx_bow"},{"type":"single","resource":"survival/frozengear_bow_arrow"},{"type":"single","resource":"survival/g_spine_vfx"},{"type":"single","resource":"survival/g_vfx"},{"type":"single","resource":"survival/g_sword"},{"type":"single","resource":"survival/ice_vfx_1"},{"type":"single","resource":"survival/frozengear_sword"},{"type":"single","resource":"survival/ice_gear_vfx"},{"type":"single","resource":"survival/ice_vfx_1"},{"type":"single","resource":"survival/ice_gear_vfx"},{"type":"single","resource":"survival/frozengear_axe"},{"type":"single","resource":"yaguito/n_sword_vfx"},{"type":"single","resource":"yaguito/nemesis_vfx"},{"type":"single","resource":"yaguito/n_pickaxe"},{"type":"single","resource":"survival/ice_vfx_1"},{"type":"single","resource":"survival/ice_gear_vfx"},{"type":"single","resource":"survival/frozengear_hoe"},{"type":"single","resource":"survival/n_sword"},{"type":"single","resource":"survival/n_sword_vfx"},{"type":"single","resource":"survival/nemesis_vfx"},{"type":"single","resource":"survival/nemesis_vfx"},{"type":"single","resource":"survival/frozengear_bow"},{"type":"single","resource":"survival/frozengear_bowstring"},{"type":"single","resource":"survival/ice_gear_bow"},{"type":"single","resource":"survival/frozengear_bow_arrow"},{"type":"single","resource":"survival/ice_vfx_1"},{"type":"single","resource":"survival/ice_gear_vfx"},{"type":"single","resource":"survival/frozengear_shovel"},{"type":"single","resource":"default/weed/seedling"},{"type":"single","resource":"default/weed/vegatative"},{"type":"single","resource":"default/weed/flowering"},{"type":"single","resource":"default/weed/harvest"},{"type":"single","resource":"default/grape1"},{"type":"single","resource":"default/grape0"},{"type":"single","resource":"default/grape3"},{"type":"single","resource":"default/grape1"},{"type":"single","resource":"default/grape1"},{"type":"single","resource":"default/grape2"},{"type":"single","resource":"default/grape1"},{"type":"single","resource":"default/grape2"},{"type":"single","resource":"cubosynth/gear/headless_shield"},{"type":"single","resource":"cubosynth/gear/headless_shield"},{"type":"single","resource":"mob_sword/blaze/blaze_sword_stick"},{"type":"single","resource":"mob_sword/blaze/blaze_sword_vfx"},{"type":"single","resource":"mob_sword/blaze/blaze_sword"},{"type":"single","resource":"mob_sword/blaze/blaze_sword_head"},{"type":"single","resource":"mob_sword/guardian/guardian_sword"},{"type":"single","resource":"mob_sword/guardian/guardian_sword_vfx"},{"type":"single","resource":"mob_sword/guardian/guardian_spine_vfx"},{"type":"single","resource":"mob_sword/guardian/guardian_sword"},{"type":"single","resource":"mob_sword/phantom/phantom_sword_eye"},{"type":"single","resource":"mob_sword/phantom/phantom_sword"},{"type":"single","resource":"mob_sword/phantom/phantom_sword_wing"},{"type":"single","resource":"mob_sword/slime/slime_vfx"},{"type":"single","resource":"mob_sword/slime/slime_vfx_face"},{"type":"single","resource":"mob_sword/slime/slime_vfx_1"},{"type":"single","resource":"mob_sword/slime/slime_sword"},{"type":"single","resource":"mob_sword/enderman/enderman_sword"},{"type":"single","resource":"mob_sword/enderman/enderman_blade_vfx"},{"type":"single","resource":"mob_sword/enderman/enderman_vfx"},{"type":"single","resource":"mob_sword/shulker/shulker_sword_vfx"},{"type":"single","resource":"mob_sword/shulker/shulker_sword"},{"type":"single","resource":"mob_sword/shulker/shulker_blade_vfx"},{"type":"single","resource":"mob_sword/piglin/piglin_sword_nose"},{"type":"single","resource":"mob_sword/piglin/piglin_sword"},{"type":"single","resource":"mob_sword/piglin/piglin_sword_ears"},{"type":"single","resource":"mob_sword/piglin/piglin_sword_eyes"},{"type":"single","resource":"mob_sword/piglin/piglin_sword_vfx"},{"type":"single","resource":"fg_set/frozengear_bow"},{"type":"single","resource":"fg_set/frozengear_bowstring"},{"type":"single","resource":"fg_set/ice_gear_bow"},{"type":"single","resource":"fg_set/frozengear_bow_arrow"},{"type":"single","resource":"fg_set/ice_vfx_1"},{"type":"single","resource":"fg_set/ice_gear_vfx"},{"type":"single","resource":"fg_set/frozengear_pickaxe"},{"type":"single","resource":"fg_set/frozengear_pickaxe"},{"type":"single","resource":"fg_set/frozengear_bow"},{"type":"single","resource":"fg_set/frozengear_bowstring"},{"type":"single","resource":"fg_set/ice_gear_vfx"},{"type":"single","resource":"fg_set/ice_vfx_1"},{"type":"single","resource":"fg_set/frozengear_bow"},{"type":"single","resource":"fg_set/frozengear_bowstring"},{"type":"single","resource":"fg_set/ice_gear_vfx_bow"},{"type":"single","resource":"fg_set/ice_vfx_bow"},{"type":"single","resource":"fg_set/frozengear_bow_arrow"},{"type":"single","resource":"fg_set/ice_vfx_1"},{"type":"single","resource":"fg_set/frozengear_sword"},{"type":"single","resource":"fg_set/ice_gear_vfx"},{"type":"single","resource":"fg_set/ice_vfx_1"},{"type":"single","resource":"fg_set/ice_gear_vfx"},{"type":"single","resource":"fg_set/frozengear_axe"},{"type":"single","resource":"fg_set/ice_vfx_1"},{"type":"single","resource":"fg_set/ice_gear_vfx"},{"type":"single","resource":"fg_set/frozengear_hoe"},{"type":"single","resource":"fg_set/frozengear_bow"},{"type":"single","resource":"fg_set/frozengear_bowstring"},{"type":"single","resource":"fg_set/ice_gear_bow"},{"type":"single","resource":"fg_set/frozengear_bow_arrow"},{"type":"single","resource":"fg_set/ice_vfx_1"},{"type":"single","resource":"fg_set/ice_gear_vfx"},{"type":"single","resource":"fg_set/frozengear_shovel"},{"type":"single","resource":"cubosynth/gear/headless_bow_pulling_0"},{"type":"single","resource":"cubosynth/gear/headless_fishing_rod"},{"type":"single","resource":"cubosynth/gear/headless_bow_pulling_1"},{"type":"single","resource":"cubosynth/gear/headless_fishing_rod_cast"},{"type":"single","resource":"cubosynth/gear/headless_bow"},{"type":"single","resource":"cubosynth/gear/headless_bow_pulling_2"},{"type":"single","resource":"crescent_studios/halloween_2024_cosmetics/electrified_frankstein_back_fuses"},{"type":"single","resource":"crescent_studios/halloween_2024_cosmetics/electrified_frankstein_back_fuses"},{"type":"single","resource":"crescent_studios/halloween_2024_cosmetics/demon_king_hat"},{"type":"single","resource":"crescent_studios/halloween_2024_cosmetics/demon_king_hat"},{"type":"single","resource":"crescent_studios/halloween_2024_cosmetics/demon_king_scythe"},{"type":"single","resource":"crescent_studios/halloween_2024_cosmetics/punkpin_hat"},{"type":"single","resource":"crescent_studios/halloween_2024_cosmetics/punkpin_hat"},{"type":"single","resource":"crescent_studios/halloween_2024_cosmetics/demon_king_wings"},{"type":"single","resource":"crescent_studios/halloween_2024_cosmetics/electrified_frankstein_pitchfork"},{"type":"single","resource":"crescent_studios/halloween_2024_cosmetics/electrified_frankstein_pitchfork"},{"type":"single","resource":"crescent_studios/halloween_2024_cosmetics/electrified_frankstein_back_fuses"},{"type":"single","resource":"crescent_studios/halloween_2024_cosmetics/electrified_frankstein_back_fuses"},{"type":"single","resource":"crescent_studios/halloween_2024_cosmetics/punkpin_hand"},{"type":"single","resource":"crescent_studios/halloween_2024_cosmetics/punkpin_hand"},{"type":"single","resource":"crescent_studios/halloween_2024_cosmetics/demon_king_wings"},{"type":"single","resource":"crescent_studios/halloween_2024_cosmetics/cat_witch"},{"type":"single","resource":"crescent_studios/halloween_2024_cosmetics/cat_witch"},{"type":"single","resource":"crescent_studios/halloween_2024_cosmetics/cat_witch_tail"},{"type":"single","resource":"crescent_studios/halloween_2024_cosmetics/punkpin_guitar"},{"type":"single","resource":"crescent_studios/halloween_2024_cosmetics/mad_scientist_hat"},{"type":"single","resource":"crescent_studios/halloween_2024_cosmetics/mad_scientist_scalpel"},{"type":"single","resource":"crescent_studios/halloween_2024_cosmetics/mad_scientist_scalpel"},{"type":"single","resource":"crescent_studios/halloween_2024_cosmetics/electrified_frankstein_screws"},{"type":"single","resource":"crescent_studios/halloween_2024_cosmetics/cat_witch_tail"},{"type":"single","resource":"crescent_studios/halloween_2024_cosmetics/cat_witch_wand"},{"type":"single","resource":"crescent_studios/halloween_2024_cosmetics/cat_witch_wand"},{"type":"single","resource":"crescent_studios/halloween_2024_cosmetics/mad_scientist_back"},{"type":"single","resource":"crescent_studios/halloween_2024_cosmetics/mad_scientist_back"},{"type":"single","resource":"crescent_studios/halloween_2024_cosmetics/punkpin_guitar"},{"type":"single","resource":"item/chainmail_helmet"},{"type":"single","resource":"item/chainmail_chestplate"},{"type":"single","resource":"item/chainmail_leggings"},{"type":"single","resource":"item/chainmail_boots"},{"type":"single","resource":"item/paper"},{"type":"single","resource":"item/golden_horse_armor"},{"type":"single","resource":"item/netherite_axe"},{"type":"single","resource":"item/netherite_hoe"},{"type":"single","resource":"item/netherite_pickaxe"},{"type":"single","resource":"item/netherite_shovel"},{"type":"single","resource":"item/netherite_sword"},{"type":"single","resource":"block/dark_oak_planks"},{"type":"single","resource":"hycraft/cana_hycraft_cast"},{"type":"single","resource":"survival/gancho_cast"},{"type":"single","resource":"item/fishing_rod"},{"type":"single","resource":"item/potion_overlay"},{"type":"single","resource":"item/potion"},{"type":"single","resource":"item/stick"},{"type":"single","resource":"item/mace"},{"type":"single","resource":"item/gray_dye"},{"type":"single","resource":"brightblue/brightblue_helmet"},{"type":"single","resource":"brightblue/brightblue_helmet"},{"type":"single","resource":"brightblue/brightblue_chestplate"},{"type":"single","resource":"brightblue/brightblue_chestplate"},{"type":"single","resource":"brightblue/brightblue_leggings"},{"type":"single","resource":"brightblue/brightblue_leggings"},{"type":"single","resource":"brightblue/brightblue_boots"},{"type":"single","resource":"brightblue/brightblue_boots"},{"type":"single","resource":"cubees:v9/cubee-christmas_gnome"},{"type":"single","resource":"cubees:v9/cubee-christmas_penguin"},{"type":"single","resource":"cubees:v9/cubee-christmas_tree"},{"type":"single","resource":"cubees:v9/cubee-gift_box"},{"type":"single","resource":"cubees:v9/cubee-gingerbread"},{"type":"single","resource":"cubees:v9/cubee-krampus"},{"type":"single","resource":"cubees:v9/cubee-rudolph"},{"type":"single","resource":"cubees:v9/cubee-santa"},{"type":"single","resource":"enderdragon/armors/enderdragon_helmet"},{"type":"single","resource":"enderdragon/armors/enderdragon_helmet"},{"type":"single","resource":"enderdragon/armors/enderdragon_chestplate"},{"type":"single","resource":"enderdragon/armors/enderdragon_chestplate"},{"type":"single","resource":"enderdragon/armors/enderdragon_leggings"},{"type":"single","resource":"enderdragon/armors/enderdragon_leggings"},{"type":"single","resource":"enderdragon/armors/enderdragon_boots"},{"type":"single","resource":"enderdragon/armors/enderdragon_boots"},{"type":"single","resource":"headless/headless_helmet"},{"type":"single","resource":"headless/headless_helmet"},{"type":"single","resource":"headless/headless_chestplate"},{"type":"single","resource":"headless/headless_chestplate"},{"type":"single","resource":"headless/headless_leggings"},{"type":"single","resource":"headless/headless_leggings"},{"type":"single","resource":"headless/headless_boots"},{"type":"single","resource":"headless/headless_boots"},{"type":"single","resource":"hycraft/armors/hycraft_helmet"},{"type":"single","resource":"hycraft/armors/hycraft_helmet"},{"type":"single","resource":"hycraft/armors/hycraft_chestplate"},{"type":"single","resource":"hycraft/armors/hycraft_chestplate"},{"type":"single","resource":"hycraft/armors/hycraft_leggings"},{"type":"single","resource":"hycraft/armors/hycraft_leggings"},{"type":"single","resource":"hycraft/armors/hycraft_boots"},{"type":"single","resource":"hycraft/armors/hycraft_boots"},{"type":"single","resource":"lunar/lunar_boots"},{"type":"single","resource":"lunar/lunar_boots"},{"type":"single","resource":"lunar/lunar_boots"},{"type":"single","resource":"lunar/lunar_boots"},{"type":"single","resource":"lunar/lunar_boots"},{"type":"single","resource":"lunar/lunar_boots"},{"type":"single","resource":"lunar/lunar_boots"},{"type":"single","resource":"lunar/lunar_boots"},{"type":"single","resource":"nexo:item/nexo_armor/forest_chestplate"},{"type":"single","resource":"nexo:item/nexo_armor/forest_leggings"},{"type":"single","resource":"nexo:item/nexo_armor/forest_boots"},{"type":"single","resource":"required/arrow_next_icon"},{"type":"single","resource":"required/arrow_previous_icon"},{"type":"single","resource":"required/cancel_icon"},{"type":"single","resource":"cubosynth/gear/headless_sword"},{"type":"single","resource":"cubosynth/gear/headless_axe"},{"type":"single","resource":"cubosynth/gear/headless_shovel"},{"type":"single","resource":"cubosynth/gear/headless_hoe"},{"type":"single","resource":"cubosynth/gear/headless_pickaxe"},{"type":"single","resource":"cubosynth/gear/headless_fishing_rod"},{"type":"single","resource":"cubosynth/gear/headless_bow"},{"type":"single","resource":"required/arrow_next_icon"},{"type":"single","resource":"required/arrow_previous_icon"},{"type":"single","resource":"required/exit_icon"},{"type":"single","resource":"survival/sellwand"},{"type":"single","resource":"default/arrow_down"},{"type":"single","resource":"default/arrow_right2"},{"type":"single","resource":"default/cross"},{"type":"single","resource":"default/info"},{"type":"single","resource":"default/server"},{"type":"single","resource":"default/arrow_left"},{"type":"single","resource":"default/arrow_up"},{"type":"single","resource":"default/cross_blue"},{"type":"single","resource":"default/notify"},{"type":"single","resource":"default/settings"},{"type":"single","resource":"default/arrow_left2"},{"type":"single","resource":"default/camera"},{"type":"single","resource":"default/cross_o"},{"type":"single","resource":"default/refresh"},{"type":"single","resource":"default/speech"},{"type":"single","resource":"default/arrow_right"},{"type":"single","resource":"default/check"},{"type":"single","resource":"default/home"},{"type":"single","resource":"default/search"},{"type":"single","resource":"default/alert"},{"type":"single","resource":"default/regalo1"},{"type":"single","resource":"default/regalo2"},{"type":"single","resource":"default/regalo3"},{"type":"single","resource":"default/regalo4"},{"type":"single","resource":"survival/persona"},{"type":"single","resource":"survival/locked"},{"type":"single","resource":"survival/femenino"},{"type":"single","resource":"survival/masculino"},{"type":"single","resource":"survival/pescador"},{"type":"single","resource":"survival/granjero"},{"type":"single","resource":"survival/minero"},{"type":"single","resource":"survival/talador"},{"type":"single","resource":"survival/cazador"},{"type":"single","resource":"survival/cofre"},{"type":"single","resource":"survival/tracker_pesca"},{"type":"single","resource":"survival/tracker_mobkills"},{"type":"single","resource":"survival/tracker_kills"},{"type":"single","resource":"survival/tracker_minero"},{"type":"single","resource":"survival/pergamino_yaguito"},{"type":"single","resource":"survival/pergamino_oscuro"},{"type":"single","resource":"survival/libro_raro"},{"type":"single","resource":"survival/libro_comun"},{"type":"single","resource":"survival/libro_legendario"},{"type":"single","resource":"survival/saco_polvo"},{"type":"single","resource":"survival/polvo_magico"},{"type":"single","resource":"survival/pergamino_porcentaje"},{"type":"single","resource":"survival/chest_claim"},{"type":"single","resource":"survival/chest_claimed"},{"type":"single","resource":"survival/locked_gold"},{"type":"single","resource":"survival/mundo"},{"type":"single","resource":"survival/recursos"},{"type":"single","resource":"survival/end"},{"type":"single","resource":"survival/nether"},{"type":"single","resource":"survival/vendertodo"},{"type":"single","resource":"survival/nivel_clan_bloqueado"},{"type":"single","resource":"survival/nivel_clan_completado"},{"type":"single","resource":"survival/nivel_clan_proceso"},{"type":"single","resource":"survival/quest_progreso"},{"type":"single","resource":"survival/quest_permanente"},{"type":"single","resource":"survival/quest_completada"},{"type":"single","resource":"survival/quest_normal"},{"type":"single","resource":"survival/yes"},{"type":"single","resource":"survival/no"},{"type":"single","resource":"survival/fragmentospawner"},{"type":"single","resource":"survival/llave_navidad"},{"type":"single","resource":"survival/llave_comun"},{"type":"single","resource":"survival/llave_rara"},{"type":"single","resource":"survival/llave_legendaria"},{"type":"single","resource":"survival/llave_spawners"},{"type":"single","resource":"hycraft/espada_hycraft"},{"type":"single","resource":"hycraft/pico_hycraft"},{"type":"single","resource":"hycraft/hacha_hycraft"},{"type":"single","resource":"hycraft/pala_hycraft"},{"type":"single","resource":"hycraft/azada_hycraft"},{"type":"single","resource":"hycraft/maza_hycraft"},{"type":"single","resource":"hycraft/cana_hycraft"},{"type":"single","resource":"survival/caramelo_halloween"},{"type":"single","resource":"survival/iman"},{"type":"single","resource":"survival/llave_halloween"},{"type":"single","resource":"survival/llave_end"},{"type":"single","resource":"survival/moneypouch"},{"type":"single","resource":"survival/gancho"},{"type":"single","resource":"survival/blank"},{"type":"single","resource":"spectra_hmccosmetics_menu/empty_slot"},{"type":"single","resource":"spectra_hmccosmetics_menu/dye_item"},{"type":"single","resource":"spectra_hmccosmetics_menu/hat_nav"},{"type":"single","resource":"spectra_hmccosmetics_menu/backpack_nav"},{"type":"single","resource":"spectra_hmccosmetics_menu/offhand_nav"},{"type":"single","resource":"spectra_hmccosmetics_menu/balloon_nav"},{"type":"single","resource":"tugkandeman/items/empowered_heart_of_ender"},{"type":"single","resource":"tugkandeman/items/empowered_void_claw"},{"type":"single","resource":"tugkandeman/items/empowered_void_crystal"},{"type":"single","resource":"tugkandeman/items/empowered_void_tendril"},{"type":"single","resource":"tugkandeman/items/end_soul"},{"type":"single","resource":"tugkandeman/items/ender_carapace"},{"type":"single","resource":"tugkandeman/items/heart_of_ender"},{"type":"single","resource":"tugkandeman/items/phantasmal_eye_of_ender"},{"type":"single","resource":"tugkandeman/items/third_eye_of_ender"},{"type":"single","resource":"tugkandeman/items/void_claw"},{"type":"single","resource":"tugkandeman/items/void_fabric"},{"type":"single","resource":"tugkandeman/items/void_growth"}]}