{"display":{"gui":{"rotation":[30.0,225.0,0.0]}},"elements":[{"from":[4.449772,7.198265,6.2718964],"to":[4.449772,8.501736,9.728104],"faces":{"east":{"uv":[8.75,5.75,9.625,6.125],"texture":"#0","tintindex":0},"west":{"uv":[8.5,8.75,9.375,9.125],"texture":"#0","tintindex":0}}},{"from":[5.6717253,7.198267,9.221953],"to":[5.6717253,8.501736,11.798828],"rotation":{"origin":[5.6717253,7.9271164,10.950057],"axis":"y","angle":45.0},"faces":{"east":{"uv":[10.0,3.0,10.625,3.375],"texture":"#0","tintindex":0},"west":{"uv":[10.0,3.75,10.625,4.125],"texture":"#0","tintindex":0}}},{"from":[6.2718964,7.198265,4.449772],"to":[9.728104,8.501736,4.449772],"faces":{"south":{"uv":[9.0,0.75,9.875,1.125],"texture":"#0","tintindex":0},"north":{"uv":[9.0,0.0,9.875,0.375],"texture":"#0","tintindex":0}}},{"from":[11.550228,7.198265,6.2718964],"to":[11.550228,8.501736,9.728104],"faces":{"east":{"uv":[9.0,8.0,9.875,8.375],"texture":"#0","tintindex":0},"west":{"uv":[1.0,9.25,1.875,9.625],"texture":"#0","tintindex":0}}},{"from":[5.6717253,7.198267,4.201173],"to":[5.6717253,8.501736,6.7780466],"rotation":{"origin":[5.6717253,7.9271164,5.049943],"axis":"y","angle":-45.0},"faces":{"east":{"uv":[7.25,9.75,7.875,10.125],"texture":"#0","tintindex":0},"west":{"uv":[9.75,8.75,10.375,9.125],"texture":"#0","tintindex":0}}},{"from":[6.2718964,7.198265,11.550228],"to":[9.728104,8.501736,11.550228],"faces":{"south":{"uv":[9.0,7.25,9.875,7.625],"texture":"#0","tintindex":0},"north":{"uv":[9.0,6.5,9.875,6.875],"texture":"#0","tintindex":0}}},{"from":[10.328275,7.198267,9.221953],"to":[10.328275,8.501736,11.798828],"rotation":{"origin":[10.328275,7.9271164,10.950057],"axis":"y","angle":-45.0},"faces":{"east":{"uv":[10.0,4.5,10.625,4.875],"texture":"#0","tintindex":0},"west":{"uv":[10.0,5.25,10.625,5.625],"texture":"#0","tintindex":0}}},{"from":[10.328275,7.198267,4.201173],"to":[10.328275,8.501736,6.7780466],"rotation":{"origin":[10.328275,7.9271164,5.049943],"axis":"y","angle":45.0},"faces":{"east":{"uv":[1.0,10.0,1.625,10.375],"texture":"#0","tintindex":0},"west":{"uv":[2.0,10.0,2.625,10.375],"texture":"#0","tintindex":0}}}],"textures":{"0":"modelengine:entity/cubee_tree"}}