{"display":{"gui":{"rotation":[30.0,225.0,0.0]}},"elements":[{"from":[7.664035,7.914036,7.975],"to":[8.085965,8.335964,7.975],"faces":{"south":{"uv":[11.5,0.0,11.625,0.125],"texture":"#0","tintindex":0},"north":{"uv":[11.25,10.5,11.375,10.625],"texture":"#0","tintindex":0}}},{"from":[7.514035,7.5140343,8.0],"to":[8.485965,8.485966,8.0],"faces":{"south":{"uv":[11.25,1.75,11.5,2.0],"texture":"#0","tintindex":0},"north":{"uv":[11.25,1.25,11.5,1.5],"texture":"#0","tintindex":0}}}],"textures":{"0":"modelengine:entity/cubee_tree"}}