{"display":{"gui":{"rotation":[30.0,225.0,0.0]}},"elements":[{"from":[5.9954,7.0699873,3.8817348],"to":[10.0046,8.482013,3.8817348],"faces":{"south":{"uv":[8.75,3.5,9.75,3.875],"texture":"#0","tintindex":0},"north":{"uv":[8.5,2.75,9.5,3.125],"texture":"#0","tintindex":0}}},{"from":[3.8817353,7.0699873,5.9954004],"to":[3.8817353,8.482013,10.004601],"faces":{"east":{"uv":[5.0,3.75,6.0,4.125],"texture":"#0","tintindex":0},"west":{"uv":[8.5,2.0,9.5,2.375],"texture":"#0","tintindex":0}}},{"from":[5.299201,7.0699883,9.417466],"to":[5.299201,8.482014,12.406639],"rotation":{"origin":[5.299201,7.915454,11.422066],"axis":"y","angle":45.0},"faces":{"east":{"uv":[4.25,9.5,5.0,9.875],"texture":"#0","tintindex":0},"west":{"uv":[5.25,9.5,6.0,9.875],"texture":"#0","tintindex":0}}},{"from":[12.118265,7.0699873,5.9954004],"to":[12.118265,8.482013,10.004601],"faces":{"east":{"uv":[5.0,8.75,6.0,9.125],"texture":"#0","tintindex":0},"west":{"uv":[8.75,5.0,9.75,5.375],"texture":"#0","tintindex":0}}},{"from":[5.9954,7.0699873,12.118265],"to":[10.0046,8.482013,12.118265],"faces":{"south":{"uv":[8.75,4.25,9.75,4.625],"texture":"#0","tintindex":0},"north":{"uv":[3.75,8.75,4.75,9.125],"texture":"#0","tintindex":0}}},{"from":[5.299201,7.0699883,3.59336],"to":[5.299201,8.482014,6.582534],"rotation":{"origin":[5.299201,7.915454,4.5779343],"axis":"y","angle":-45.0},"faces":{"east":{"uv":[7.5,9.0,8.25,9.375],"texture":"#0","tintindex":0},"west":{"uv":[2.25,9.25,3.0,9.625],"texture":"#0","tintindex":0}}},{"from":[10.700798,7.0699883,3.59336],"to":[10.700798,8.482014,6.582534],"rotation":{"origin":[10.700798,7.915454,4.5779343],"axis":"y","angle":45.0},"faces":{"east":{"uv":[6.25,9.25,7.0,9.625],"texture":"#0","tintindex":0},"west":{"uv":[3.25,9.5,4.0,9.875],"texture":"#0","tintindex":0}}},{"from":[10.700798,7.0699883,9.417466],"to":[10.700798,8.482014,12.406639],"rotation":{"origin":[10.700798,7.915454,11.422066],"axis":"y","angle":-45.0},"faces":{"east":{"uv":[8.5,9.5,9.25,9.875],"texture":"#0","tintindex":0},"west":{"uv":[9.5,9.5,10.25,9.875],"texture":"#0","tintindex":0}}}],"textures":{"0":"modelengine:entity/cubee_tree"}}