{"display":{"gui":{"rotation":[30.0,225.0,0.0]}},"elements":[{"from":[6.195136,7.3785,8.94725],"to":[6.195136,8.6215,10.944828],"rotation":{"origin":[6.195136,7.9435005,10.286866],"axis":"y","angle":45.0},"faces":{"east":{"uv":[11.0,4.25,11.5,4.5],"texture":"#0","tintindex":0},"west":{"uv":[11.0,4.75,11.5,5.0],"texture":"#0","tintindex":0}}},{"from":[6.660385,7.3785,5.2478848],"to":[9.339615,8.6215,5.2478848],"faces":{"south":{"uv":[3.5,10.25,4.125,10.5],"texture":"#0","tintindex":0},"north":{"uv":[10.0,6.0,10.625,6.25],"texture":"#0","tintindex":0}}},{"from":[10.752115,7.3785,6.660385],"to":[10.752115,8.6215,9.339615],"faces":{"east":{"uv":[10.25,7.0,10.875,7.25],"texture":"#0","tintindex":0},"west":{"uv":[10.25,7.5,10.875,7.75],"texture":"#0","tintindex":0}}},{"from":[6.660385,7.3785,10.752115],"to":[9.339615,8.6215,10.752115],"faces":{"south":{"uv":[10.25,6.5,10.875,6.75],"texture":"#0","tintindex":0},"north":{"uv":[4.5,10.25,5.125,10.5],"texture":"#0","tintindex":0}}},{"from":[6.195136,7.3785,5.0551724],"to":[6.195136,8.6215,7.052749],"rotation":{"origin":[6.195136,7.9435005,5.713134],"axis":"y","angle":-45.0},"faces":{"east":{"uv":[3.75,7.0,4.25,7.25],"texture":"#0","tintindex":0},"west":{"uv":[6.25,7.5,6.75,7.75],"texture":"#0","tintindex":0}}},{"from":[5.2478848,7.3785,6.660385],"to":[5.2478848,8.6215,9.339615],"faces":{"east":{"uv":[2.0,4.0,2.625,4.25],"texture":"#0","tintindex":0},"west":{"uv":[7.5,5.0,8.125,5.25],"texture":"#0","tintindex":0}}},{"from":[9.804864,7.3785,5.0551724],"to":[9.804864,8.6215,7.052749],"rotation":{"origin":[9.804864,7.9435005,5.713134],"axis":"y","angle":45.0},"faces":{"east":{"uv":[9.0,1.5,9.5,1.75],"texture":"#0","tintindex":0},"west":{"uv":[10.75,0.75,11.25,1.0],"texture":"#0","tintindex":0}}},{"from":[9.804864,7.3785,8.94725],"to":[9.804864,8.6215,10.944828],"rotation":{"origin":[9.804864,7.9435005,10.286866],"axis":"y","angle":-45.0},"faces":{"east":{"uv":[5.0,11.0,5.5,11.25],"texture":"#0","tintindex":0},"west":{"uv":[11.0,5.25,11.5,5.5],"texture":"#0","tintindex":0}}}],"textures":{"0":"modelengine:entity/cubee_tree"}}