{"display":{"gui":{"rotation":[30.0,225.0,0.0]}},"elements":[{"from":[5.582285,7.0357857,8.0],"to":[7.427715,8.964214,8.0],"faces":{"south":{"uv":[3.75,6.25,4.25,6.75],"texture":"#0","tintindex":0},"north":{"uv":[1.25,5.5,1.75,6.0],"texture":"#0","tintindex":0}}},{"from":[8.572285,7.0357857,8.0],"to":[10.417715,8.964214,8.0],"faces":{"south":{"uv":[9.75,2.25,10.25,2.75],"texture":"#0","tintindex":0},"north":{"uv":[9.75,1.5,10.25,2.0],"texture":"#0","tintindex":0}}}],"textures":{"0":"modelengine:entity/cubee_tree"}}