{"display":{"gui":{"rotation":[30.0,225.0,0.0]}},"elements":[{"from":[5.0778217,10.57612,6.979761],"to":[10.922178,10.57612,11.058718],"rotation":{"origin":[8.0,9.556881,8.0],"axis":"x","angle":45.0},"faces":{"up":{"uv":[8.25,3.5,6.75,2.5],"texture":"#0","tintindex":0},"down":{"uv":[8.5,5.5,7.0,6.5],"texture":"#0","tintindex":0}}},{"from":[5.0778217,7.9487514,7.701013],"to":[10.922178,7.9487514,11.77997],"rotation":{"origin":[8.0,7.2278166,8.0],"axis":"x","angle":22.5},"faces":{"up":{"uv":[6.5,2.25,5.0,1.25],"texture":"#0","tintindex":0},"down":{"uv":[6.5,2.5,5.0,3.5],"texture":"#0","tintindex":0}}},{"from":[7.5645,9.810501,7.5645],"to":[8.4355,13.310501,8.4355],"faces":{"east":{"uv":[6.75,10.0,7.0,10.875],"texture":"#0","tintindex":0},"south":{"uv":[10.25,0.0,10.5,0.875],"texture":"#0","tintindex":0},"north":{"uv":[6.25,10.0,6.5,10.875],"texture":"#0","tintindex":0},"west":{"uv":[3.0,10.25,3.25,11.125],"texture":"#0","tintindex":0},"up":{"uv":[10.25,11.25,10.0,11.0],"texture":"#0","tintindex":0},"down":{"uv":[10.75,11.0,10.5,11.25],"texture":"#0","tintindex":0}}},{"from":[4.6895,6.2445555,7.6612816],"to":[11.3105,6.2445555,12.282282],"rotation":{"origin":[8.0,5.4278173,8.0],"axis":"x","angle":22.5},"faces":{"up":{"uv":[4.625,1.125,3.0,0.0],"texture":"#0","tintindex":0},"down":{"uv":[4.625,1.5,3.0,2.625],"texture":"#0","tintindex":0}}},{"from":[6.4645,14.310501,8.025],"to":[9.5355,17.310501,8.025],"faces":{"south":{"uv":[7.5,8.0,8.25,8.75],"texture":"#0","tintindex":0},"north":{"uv":[7.5,8.0,8.25,8.75],"texture":"#0","tintindex":0}}},{"from":[7.701013,7.9487514,5.0778217],"to":[11.77997,7.9487514,10.922178],"rotation":{"origin":[8.0,7.2278166,8.0],"axis":"z","angle":-22.5},"faces":{"up":{"uv":[1.0,7.0,0.0,5.5],"texture":"#0","tintindex":0},"down":{"uv":[5.5,5.75,4.5,7.25],"texture":"#0","tintindex":0}}},{"from":[7.4395,3.2395,7.4395],"to":[8.5605,9.810501,8.5605],"faces":{"east":{"uv":[8.5,0.0,8.75,1.625],"texture":"#0","tintindex":0},"south":{"uv":[0.5,8.5,0.75,10.125],"texture":"#0","tintindex":0},"north":{"uv":[0.0,8.5,0.25,10.125],"texture":"#0","tintindex":0},"west":{"uv":[8.5,6.75,8.75,8.375],"texture":"#0","tintindex":0},"up":{"uv":[6.0,11.25,5.75,11.0],"texture":"#0","tintindex":0},"down":{"uv":[9.75,11.0,9.5,11.25],"texture":"#0","tintindex":0}}},{"from":[6.979761,10.57612,5.0778217],"to":[11.058718,10.57612,10.922178],"rotation":{"origin":[8.0,9.556881,8.0],"axis":"z","angle":-45.0},"faces":{"up":{"uv":[3.5,7.75,2.5,6.25],"texture":"#0","tintindex":0},"down":{"uv":[7.25,3.75,6.25,5.25],"texture":"#0","tintindex":0}}},{"from":[9.25,8.85,9.15],"to":[10.5,10.1,10.4],"faces":{"east":{"uv":[10.5,2.0,10.875,2.375],"texture":"#0","tintindex":0},"south":{"uv":[7.25,10.5,7.625,10.875],"texture":"#0","tintindex":0},"north":{"uv":[10.5,1.25,10.875,1.625],"texture":"#0","tintindex":0},"west":{"uv":[10.5,9.5,10.875,9.875],"texture":"#0","tintindex":0},"up":{"uv":[10.875,10.625,10.5,10.25],"texture":"#0","tintindex":0},"down":{"uv":[11.125,0.0,10.75,0.375],"texture":"#0","tintindex":0}}},{"from":[4.8283105,13.480541,5.9252534],"to":[8.72437,13.480541,10.074747],"rotation":{"origin":[8.0,12.756882,8.0],"axis":"z","angle":45.0},"faces":{"up":{"uv":[6.0,8.5,5.0,7.5],"texture":"#0","tintindex":0},"down":{"uv":[2.25,8.0,1.25,9.0],"texture":"#0","tintindex":0}}},{"from":[5.3,10.050001,5.7],"to":[6.55,11.300001,6.95],"faces":{"east":{"uv":[10.25,8.0,10.625,8.375],"texture":"#0","tintindex":0},"south":{"uv":[8.25,10.25,8.625,10.625],"texture":"#0","tintindex":0},"north":{"uv":[5.5,10.25,5.875,10.625],"texture":"#0","tintindex":0},"west":{"uv":[9.0,10.25,9.375,10.625],"texture":"#0","tintindex":0},"up":{"uv":[10.125,10.625,9.75,10.25],"texture":"#0","tintindex":0},"down":{"uv":[0.375,10.5,0.0,10.875],"texture":"#0","tintindex":0}}},{"from":[5.0,6.6500006,10.15],"to":[6.25,7.8999996,11.4],"faces":{"east":{"uv":[1.5,10.75,1.875,11.125],"texture":"#0","tintindex":0},"south":{"uv":[2.25,10.75,2.625,11.125],"texture":"#0","tintindex":0},"north":{"uv":[0.75,10.75,1.125,11.125],"texture":"#0","tintindex":0},"west":{"uv":[3.5,10.75,3.875,11.125],"texture":"#0","tintindex":0},"up":{"uv":[4.625,11.125,4.25,10.75],"texture":"#0","tintindex":0},"down":{"uv":[11.125,8.75,10.75,9.125],"texture":"#0","tintindex":0}}},{"from":[5.0778217,7.9487514,4.22003],"to":[10.922178,7.9487514,8.298986],"rotation":{"origin":[8.0,7.2278166,8.0],"axis":"x","angle":-22.5},"faces":{"up":{"uv":[6.0,5.5,4.5,4.5],"texture":"#0","tintindex":0},"down":{"uv":[6.5,0.0,5.0,1.0],"texture":"#0","tintindex":0}}},{"from":[7.27563,13.480541,5.9252534],"to":[11.17169,13.480541,10.074747],"rotation":{"origin":[8.0,12.756882,8.0],"axis":"z","angle":-45.0},"faces":{"up":{"uv":[3.5,9.0,2.5,8.0],"texture":"#0","tintindex":0},"down":{"uv":[7.25,8.0,6.25,9.0],"texture":"#0","tintindex":0}}},{"from":[5.9252534,13.480541,4.8283105],"to":[10.074747,13.480541,8.72437],"rotation":{"origin":[8.0,12.756882,8.0],"axis":"x","angle":-45.0},"faces":{"up":{"uv":[8.0,7.75,7.0,6.75],"texture":"#0","tintindex":0},"down":{"uv":[1.0,7.25,0.0,8.25],"texture":"#0","tintindex":0}}},{"from":[9.75,6.450001,4.5],"to":[11.0,7.700001,5.75],"faces":{"east":{"uv":[8.0,11.0,8.375,11.25],"texture":"#0","tintindex":0},"south":{"uv":[11.0,8.0,11.375,8.25],"texture":"#0","tintindex":0},"north":{"uv":[11.0,5.75,11.375,6.0],"texture":"#0","tintindex":0},"west":{"uv":[8.75,11.0,9.125,11.25],"texture":"#0","tintindex":0},"up":{"uv":[11.375,3.125,11.0,2.75],"texture":"#0","tintindex":0},"down":{"uv":[11.375,3.5,11.0,3.875],"texture":"#0","tintindex":0}}},{"from":[5.9252534,13.480541,7.27563],"to":[10.074747,13.480541,11.17169],"rotation":{"origin":[8.0,12.756882,8.0],"axis":"x","angle":45.0},"faces":{"up":{"uv":[4.75,8.5,3.75,7.5],"texture":"#0","tintindex":0},"down":{"uv":[8.5,3.75,7.5,4.75],"texture":"#0","tintindex":0}}},{"from":[7.6612816,6.2445555,4.6895],"to":[12.282282,6.2445555,11.3105],"rotation":{"origin":[8.0,5.4278173,8.0],"axis":"z","angle":-22.5},"faces":{"up":{"uv":[1.125,1.625,0.0,0.0],"texture":"#0","tintindex":0},"down":{"uv":[2.625,0.0,1.5,1.625],"texture":"#0","tintindex":0}}},{"from":[4.6895,6.2445555,3.7177186],"to":[11.3105,6.2445555,8.338718],"rotation":{"origin":[8.0,5.4278173,8.0],"axis":"x","angle":-22.5},"faces":{"up":{"uv":[4.625,4.125,3.0,3.0],"texture":"#0","tintindex":0},"down":{"uv":[1.625,4.0,0.0,5.125],"texture":"#0","tintindex":0}}},{"from":[5.0778217,10.57612,4.9412823],"to":[10.922178,10.57612,9.020239],"rotation":{"origin":[8.0,9.556881,8.0],"axis":"x","angle":-45.0},"faces":{"up":{"uv":[8.25,1.0,6.75,0.0],"texture":"#0","tintindex":0},"down":{"uv":[8.25,1.25,6.75,2.25],"texture":"#0","tintindex":0}}},{"from":[3.7177186,6.2445555,4.6895],"to":[8.338718,6.2445555,11.3105],"rotation":{"origin":[8.0,5.4278173,8.0],"axis":"z","angle":22.5},"faces":{"up":{"uv":[1.125,3.625,0.0,2.0],"texture":"#0","tintindex":0},"down":{"uv":[2.625,2.0,1.5,3.625],"texture":"#0","tintindex":0}}},{"from":[4.9412823,10.57612,5.0778217],"to":[9.020239,10.57612,10.922178],"rotation":{"origin":[8.0,9.556881,8.0],"axis":"z","angle":45.0},"faces":{"up":{"uv":[6.75,7.25,5.75,5.75],"texture":"#0","tintindex":0},"down":{"uv":[2.25,6.25,1.25,7.75],"texture":"#0","tintindex":0}}},{"from":[4.22003,7.9487514,5.0778217],"to":[8.298986,7.9487514,10.922178],"rotation":{"origin":[8.0,7.2278166,8.0],"axis":"z","angle":22.5},"faces":{"up":{"uv":[3.0,6.0,2.0,4.5],"texture":"#0","tintindex":0},"down":{"uv":[4.25,4.5,3.25,6.0],"texture":"#0","tintindex":0}}},{"from":[7.6938567,13.310501,7.7675843],"to":[8.264856,14.810501,8.338584],"rotation":{"origin":[7.9293566,14.310501,8.003084],"axis":"y","angle":45.0},"faces":{"east":{"uv":[11.25,6.25,11.375,6.625],"texture":"#0","tintindex":0},"south":{"uv":[6.75,11.25,6.875,11.625],"texture":"#0","tintindex":0},"north":{"uv":[6.25,11.25,6.375,11.625],"texture":"#0","tintindex":0},"west":{"uv":[11.25,7.0,11.375,7.375],"texture":"#0","tintindex":0},"up":{"uv":[11.375,2.375,11.25,2.25],"texture":"#0","tintindex":0},"down":{"uv":[7.375,11.25,7.25,11.375],"texture":"#0","tintindex":0}}}],"textures":{"0":"modelengine:entity/cubee_tree"}}