{"display":{"gui":{"rotation":[30.0,225.0,0.0]}},"elements":[{"from":[5.0,-10.0,5.5],"to":[9.0,10.0,10.5],"faces":{"east":{"uv":[6.0,1.25,5.375,3.75],"texture":"#0","tintindex":0},"south":{"uv":[7.75,2.5,7.25,5.0],"texture":"#0","tintindex":0},"north":{"uv":[3.25,6.0,2.75,8.5],"texture":"#0","tintindex":0},"west":{"uv":[3.875,5.0,3.25,7.5],"texture":"#0","tintindex":0},"up":{"uv":[3.5,2.75,4.0,2.125],"texture":"#0","tintindex":0},"down":{"uv":[0.75,8.75,1.25,9.375],"texture":"#0","tintindex":0}}}],"textures":{"0":"modelengine:entity/endermauler"}}