{"display":{"gui":{"rotation":[30.0,225.0,0.0]}},"elements":[{"from":[7.0,7.0,2.0],"to":[9.0,9.0,14.0],"faces":{"east":{"uv":[8.625,4.125,10.125,4.375],"texture":"#0","tintindex":0},"south":{"uv":[7.5,8.875,7.75,9.125],"texture":"#0","tintindex":0},"north":{"uv":[8.875,7.25,9.125,7.5],"texture":"#0","tintindex":0},"west":{"uv":[7.0,8.625,8.5,8.875],"texture":"#0","tintindex":0},"up":{"uv":[8.75,10.125,8.5,8.625],"texture":"#0","tintindex":0},"down":{"uv":[0.25,8.75,0.0,10.25],"texture":"#0","tintindex":0}}}],"textures":{"0":"modelengine:entity/endermauler"}}