{"display":{"gui":{"rotation":[30.0,225.0,0.0]}},"elements":[{"from":[13.0,16.0,10.0],"to":[3.0,8.0,0.0],"faces":{"east":{"uv":[6.625,8.0,7.875,7.0],"texture":"#0","tintindex":0},"south":{"uv":[6.0,3.75,7.25,2.75],"texture":"#0","tintindex":0},"north":{"uv":[5.375,8.0,6.625,7.0],"texture":"#0","tintindex":0},"west":{"uv":[6.5,2.5,7.75,1.5],"texture":"#0","tintindex":0},"up":{"uv":[5.625,3.875,6.875,5.125],"texture":"#0","tintindex":0},"down":{"uv":[4.125,3.375,5.375,2.125],"texture":"#0","tintindex":0}}},{"from":[13.0,8.0,4.0],"to":[3.0,5.0,0.0],"faces":{"east":{"uv":[15.375,5.875,15.875,5.5],"texture":"#0","tintindex":0},"south":{"uv":[14.75,1.625,16.0,1.25],"texture":"#0","tintindex":0},"north":{"uv":[14.125,5.875,15.375,5.5],"texture":"#0","tintindex":0},"west":{"uv":[15.25,0.375,15.75,0.0],"texture":"#0","tintindex":0},"up":{"uv":[12.875,1.875,14.125,2.375],"texture":"#0","tintindex":0},"down":{"uv":[12.875,1.125,14.125,0.625],"texture":"#0","tintindex":0}}},{"from":[3.0,5.0,0.0],"to":[13.0,8.0,4.0],"faces":{"east":{"uv":[15.25,0.0,15.75,0.375],"texture":"#0","tintindex":0},"south":{"uv":[14.125,5.5,15.375,5.875],"texture":"#0","tintindex":0},"north":{"uv":[14.75,1.25,16.0,1.625],"texture":"#0","tintindex":0},"west":{"uv":[15.375,5.5,15.875,5.875],"texture":"#0","tintindex":0},"up":{"uv":[14.125,1.125,12.875,0.625],"texture":"#0","tintindex":0},"down":{"uv":[14.125,1.875,12.875,2.375],"texture":"#0","tintindex":0}}},{"from":[3.0,8.0,0.0],"to":[13.0,16.0,10.0],"faces":{"east":{"uv":[6.5,1.5,7.75,2.5],"texture":"#0","tintindex":0},"south":{"uv":[5.375,7.0,6.625,8.0],"texture":"#0","tintindex":0},"north":{"uv":[6.0,2.75,7.25,3.75],"texture":"#0","tintindex":0},"west":{"uv":[6.625,7.0,7.875,8.0],"texture":"#0","tintindex":0},"up":{"uv":[5.375,3.375,4.125,2.125],"texture":"#0","tintindex":0},"down":{"uv":[5.375,3.375,4.125,4.625],"texture":"#0","tintindex":0}}}],"textures":{"0":"modelengine:entity/endermauler"}}