{"display":{"gui":{"rotation":[30.0,225.0,0.0]}},"elements":[{"from":[7.525369,7.8499985,5.3838606],"to":[8.321369,8.15,6.4588604],"rotation":{"origin":[8.0,8.0,7.116664],"axis":"y","angle":22.5},"faces":{"east":{"uv":[0.008,9.008,0.242,9.125],"texture":"#0","tintindex":0},"south":{"uv":[9.008,0.008,9.242,0.125],"texture":"#0","tintindex":0},"north":{"uv":[8.758,8.758,8.992,8.875],"texture":"#0","tintindex":0},"west":{"uv":[0.258,9.008,0.492,9.125],"texture":"#0","tintindex":0},"up":{"uv":[8.742,8.492,8.508,8.258],"texture":"#0","tintindex":0},"down":{"uv":[8.742,8.508,8.508,8.742],"texture":"#0","tintindex":0}}},{"from":[7.678631,7.8499985,5.3838606],"to":[8.474631,8.15,6.4588604],"rotation":{"origin":[8.0,8.0,7.116664],"axis":"y","angle":-22.5},"faces":{"east":{"uv":[0.508,9.008,0.742,9.125],"texture":"#0","tintindex":0},"south":{"uv":[0.758,9.008,0.992,9.125],"texture":"#0","tintindex":0},"north":{"uv":[9.008,0.258,9.242,0.375],"texture":"#0","tintindex":0},"west":{"uv":[1.008,9.008,1.242,9.125],"texture":"#0","tintindex":0},"up":{"uv":[8.992,0.242,8.758,0.008],"texture":"#0","tintindex":0},"down":{"uv":[8.992,0.258,8.758,0.492],"texture":"#0","tintindex":0}}},{"from":[7.1895,7.8499985,6.3811545],"to":[8.8105,8.15,8.002154],"faces":{"east":{"uv":[6.008,8.758,6.375,8.875],"texture":"#0","tintindex":0},"south":{"uv":[6.508,8.758,6.875,8.875],"texture":"#0","tintindex":0},"north":{"uv":[8.758,4.758,9.125,4.875],"texture":"#0","tintindex":0},"west":{"uv":[8.758,6.508,9.125,6.625],"texture":"#0","tintindex":0},"up":{"uv":[7.875,8.875,7.508,8.508],"texture":"#0","tintindex":0},"down":{"uv":[8.875,7.758,8.508,8.125],"texture":"#0","tintindex":0}}}],"textures":{"0":"modelengine:entity/cubee_gift_box"}}