{"display":{"gui":{"rotation":[30.0,225.0,0.0]}},"elements":[{"from":[7.1895,7.8499985,6.381155],"to":[8.8105,8.15,8.002154],"faces":{"east":{"uv":[8.758,0.758,9.125,0.875],"texture":"#0","tintindex":0},"south":{"uv":[8.758,1.008,9.125,1.125],"texture":"#0","tintindex":0},"north":{"uv":[8.758,0.508,9.125,0.625],"texture":"#0","tintindex":0},"west":{"uv":[8.758,1.258,9.125,1.375],"texture":"#0","tintindex":0},"up":{"uv":[8.875,5.875,8.508,5.508],"texture":"#0","tintindex":0},"down":{"uv":[8.875,6.008,8.508,6.375],"texture":"#0","tintindex":0}}},{"from":[7.678631,7.8499985,5.3838606],"to":[8.474631,8.15,6.4588604],"rotation":{"origin":[8.0,8.0,7.116664],"axis":"y","angle":-22.5},"faces":{"east":{"uv":[7.008,8.758,7.242,8.875],"texture":"#0","tintindex":0},"south":{"uv":[7.258,8.758,7.492,8.875],"texture":"#0","tintindex":0},"north":{"uv":[8.758,6.758,8.992,6.875],"texture":"#0","tintindex":0},"west":{"uv":[8.008,8.758,8.242,8.875],"texture":"#0","tintindex":0},"up":{"uv":[5.742,4.492,5.508,4.258],"texture":"#0","tintindex":0},"down":{"uv":[5.992,4.258,5.758,4.492],"texture":"#0","tintindex":0}}},{"from":[7.525369,7.8499985,5.3838606],"to":[8.321369,8.15,6.4588604],"rotation":{"origin":[8.0,8.0,7.116664],"axis":"y","angle":22.5},"faces":{"east":{"uv":[8.758,8.258,8.992,8.375],"texture":"#0","tintindex":0},"south":{"uv":[8.508,8.758,8.742,8.875],"texture":"#0","tintindex":0},"north":{"uv":[8.258,8.758,8.492,8.875],"texture":"#0","tintindex":0},"west":{"uv":[8.758,8.508,8.992,8.625],"texture":"#0","tintindex":0},"up":{"uv":[0.992,8.242,0.758,8.008],"texture":"#0","tintindex":0},"down":{"uv":[0.992,8.258,0.758,8.492],"texture":"#0","tintindex":0}}}],"textures":{"0":"modelengine:entity/cubee_gift_box"}}