{"display":{"gui":{"rotation":[30.0,225.0,0.0]}},"elements":[{"from":[7.1895,7.8499985,4.507866],"to":[8.8105,8.15,9.007866],"faces":{"east":{"uv":[8.508,7.258,9.625,7.375],"texture":"#0","tintindex":0},"south":{"uv":[8.758,4.508,9.125,4.625],"texture":"#0","tintindex":0},"north":{"uv":[4.508,8.758,4.875,8.875],"texture":"#0","tintindex":0},"west":{"uv":[8.508,7.508,9.625,7.625],"texture":"#0","tintindex":0},"up":{"uv":[2.875,8.875,2.508,7.758],"texture":"#0","tintindex":0},"down":{"uv":[3.375,7.758,3.008,8.875],"texture":"#0","tintindex":0}}}],"textures":{"0":"modelengine:entity/cubee_gift_box"}}