{"display":{"gui":{"rotation":[30.0,225.0,0.0]}},"elements":[{"from":[7.1895,7.8499985,4.507866],"to":[8.8105,8.15,9.007866],"faces":{"east":{"uv":[6.258,3.508,7.375,3.625],"texture":"#0","tintindex":0},"south":{"uv":[4.008,8.758,4.375,8.875],"texture":"#0","tintindex":0},"north":{"uv":[3.508,8.758,3.875,8.875],"texture":"#0","tintindex":0},"west":{"uv":[8.258,7.008,9.375,7.125],"texture":"#0","tintindex":0},"up":{"uv":[1.875,8.875,1.508,7.758],"texture":"#0","tintindex":0},"down":{"uv":[2.375,7.758,2.008,8.875],"texture":"#0","tintindex":0}}}],"textures":{"0":"modelengine:entity/cubee_gift_box"}}