{"display":{"gui":{"rotation":[30.0,225.0,0.0]}},"elements":[{"from":[5.1895,7.1520004,8.0125],"to":[7.0605,9.273001,8.0125],"faces":{"south":{"uv":[3.508,7.758,3.992,8.242],"texture":"#0","tintindex":0},"north":{"uv":[1.008,6.758,1.492,7.242],"texture":"#0","tintindex":0}}},{"from":[8.9395,7.1520004,8.0125],"to":[10.8105,9.273001,8.0125],"faces":{"south":{"uv":[1.008,6.258,1.492,6.742],"texture":"#0","tintindex":0},"north":{"uv":[5.508,3.758,5.992,4.242],"texture":"#0","tintindex":0}}}],"textures":{"0":"modelengine:entity/cubee_gift_box"}}