{"display":{"gui":{"rotation":[30.0,225.0,0.0]}},"elements":[{"from":[4.9895,5.0145006,7.1895],"to":[11.0105,10.039501,8.8105],"faces":{"east":{"uv":[7.508,7.258,7.875,8.492],"texture":"#0","tintindex":0},"south":{"uv":[0.008,5.008,1.492,6.242],"texture":"#0","tintindex":0},"north":{"uv":[4.758,2.508,6.242,3.742],"texture":"#0","tintindex":0},"west":{"uv":[1.008,7.758,1.375,8.992],"texture":"#0","tintindex":0},"up":{"uv":[8.992,3.875,7.508,3.508],"texture":"#0","tintindex":0},"down":{"uv":[8.992,4.008,7.508,4.375],"texture":"#0","tintindex":0}}},{"from":[11.0105,10.2605,11.0105],"to":[4.9895,4.9895,4.9895],"faces":{"east":{"uv":[3.258,3.008,4.742,4.375],"texture":"#0","tintindex":0},"south":{"uv":[0.008,3.508,1.492,4.875],"texture":"#0","tintindex":0},"north":{"uv":[3.258,1.508,4.742,2.875],"texture":"#0","tintindex":0},"west":{"uv":[1.508,4.508,2.992,5.875],"texture":"#0","tintindex":0},"up":{"uv":[3.242,4.492,1.758,3.008],"texture":"#0","tintindex":0},"down":{"uv":[4.742,0.008,3.258,1.492],"texture":"#0","tintindex":0}}},{"from":[7.1895,5.0395,4.9895],"to":[8.8105,10.039501,11.0105],"faces":{"east":{"uv":[4.758,0.008,6.242,1.242],"texture":"#0","tintindex":0},"south":{"uv":[5.508,7.258,5.875,8.492],"texture":"#0","tintindex":0},"north":{"uv":[5.008,7.258,5.375,8.492],"texture":"#0","tintindex":0},"west":{"uv":[4.758,1.258,6.242,2.492],"texture":"#0","tintindex":0},"up":{"uv":[4.375,8.742,4.008,7.258],"texture":"#0","tintindex":0},"down":{"uv":[4.875,7.258,4.508,8.742],"texture":"#0","tintindex":0}}},{"from":[5.1895,5.189501,5.1895],"to":[10.8105,10.060501,10.8105],"faces":{"east":{"uv":[3.008,6.008,4.375,7.242],"texture":"#0","tintindex":0},"south":{"uv":[6.008,3.758,7.375,4.992],"texture":"#0","tintindex":0},"north":{"uv":[1.508,6.008,2.875,7.242],"texture":"#0","tintindex":0},"west":{"uv":[4.508,6.008,5.875,7.242],"texture":"#0","tintindex":0},"up":{"uv":[4.375,5.875,3.008,4.508],"texture":"#0","tintindex":0},"down":{"uv":[5.875,4.508,4.508,5.875],"texture":"#0","tintindex":0}}}],"textures":{"0":"modelengine:entity/cubee_gift_box"}}