{"display":{"gui":{"rotation":[30.0,225.0,0.0]}},"elements":[{"from":[6.2375,7.25,7.25],"to":[8.2375,8.75,8.75],"faces":{"east":{"uv":[8.508,2.008,8.875,2.375],"texture":"#0","tintindex":0},"south":{"uv":[8.008,2.008,8.492,2.375],"texture":"#0","tintindex":0},"north":{"uv":[8.008,1.508,8.492,1.875],"texture":"#0","tintindex":0},"west":{"uv":[8.508,2.508,8.875,2.875],"texture":"#0","tintindex":0},"up":{"uv":[8.492,2.875,8.008,2.508],"texture":"#0","tintindex":0},"down":{"uv":[8.492,3.008,8.008,3.375],"texture":"#0","tintindex":0}}}],"textures":{"0":"modelengine:entity/cubee_gift_box"}}