{"display":{"gui":{"rotation":[30.0,225.0,0.0]}},"elements":[{"from":[7.7625,7.25,7.25],"to":[9.7625,8.75,8.75],"faces":{"east":{"uv":[8.508,3.008,8.875,3.375],"texture":"#0","tintindex":0},"south":{"uv":[8.008,7.758,8.492,8.125],"texture":"#0","tintindex":0},"north":{"uv":[8.008,7.258,8.492,7.625],"texture":"#0","tintindex":0},"west":{"uv":[5.008,8.508,5.375,8.875],"texture":"#0","tintindex":0},"up":{"uv":[3.992,8.625,3.508,8.258],"texture":"#0","tintindex":0},"down":{"uv":[8.742,4.508,8.258,4.875],"texture":"#0","tintindex":0}}}],"textures":{"0":"modelengine:entity/cubee_gift_box"}}