{"display":{"gui":{"rotation":[30.0,225.0,0.0]}},"elements":[{"from":[4.3894997,8.1779995,6.4895],"to":[7.1105,9.702999,9.5105],"rotation":{"origin":[7.6,9.252998,8.0],"axis":"z","angle":-22.5},"faces":{"east":{"uv":[7.758,5.508,8.492,5.875],"texture":"#0","tintindex":0},"south":{"uv":[8.008,1.008,8.625,1.375],"texture":"#0","tintindex":0},"north":{"uv":[8.008,0.508,8.625,0.875],"texture":"#0","tintindex":0},"west":{"uv":[7.758,6.008,8.492,6.375],"texture":"#0","tintindex":0},"up":{"uv":[8.125,7.242,7.508,6.508],"texture":"#0","tintindex":0},"down":{"uv":[7.375,7.508,6.758,8.242],"texture":"#0","tintindex":0}}},{"from":[4.8395,7.1069984,7.1895],"to":[11.1605,8.877998,8.8105],"faces":{"east":{"uv":[0.508,8.508,0.875,8.992],"texture":"#0","tintindex":0},"south":{"uv":[6.258,0.008,7.875,0.492],"texture":"#0","tintindex":0},"north":{"uv":[6.008,6.008,7.625,6.492],"texture":"#0","tintindex":0},"west":{"uv":[8.508,1.508,8.875,1.992],"texture":"#0","tintindex":0},"up":{"uv":[7.875,2.875,6.258,2.508],"texture":"#0","tintindex":0},"down":{"uv":[7.875,3.008,6.258,3.375],"texture":"#0","tintindex":0}}},{"from":[6.9395,8.577999,7.1395],"to":[9.0605,9.827999,8.8605],"faces":{"east":{"uv":[8.508,5.008,8.875,5.375],"texture":"#0","tintindex":0},"south":{"uv":[6.508,8.258,6.992,8.625],"texture":"#0","tintindex":0},"north":{"uv":[6.008,8.258,6.492,8.625],"texture":"#0","tintindex":0},"west":{"uv":[5.508,8.508,5.875,8.875],"texture":"#0","tintindex":0},"up":{"uv":[8.742,6.875,8.258,6.508],"texture":"#0","tintindex":0},"down":{"uv":[7.492,8.258,7.008,8.625],"texture":"#0","tintindex":0}}},{"from":[8.8895,8.1779995,6.4895],"to":[11.6105,9.702999,9.5105],"rotation":{"origin":[8.4,9.252998,8.0],"axis":"z","angle":22.5},"faces":{"east":{"uv":[7.508,4.508,8.242,4.875],"texture":"#0","tintindex":0},"south":{"uv":[8.008,0.008,8.625,0.375],"texture":"#0","tintindex":0},"north":{"uv":[0.008,8.008,0.625,8.375],"texture":"#0","tintindex":0},"west":{"uv":[7.758,5.008,8.492,5.375],"texture":"#0","tintindex":0},"up":{"uv":[5.375,4.492,4.758,3.758],"texture":"#0","tintindex":0},"down":{"uv":[6.625,7.508,6.008,8.242],"texture":"#0","tintindex":0}}},{"from":[4.9395,7.1569996,4.9395],"to":[11.0605,8.778,11.0605],"faces":{"east":{"uv":[6.008,7.008,7.492,7.375],"texture":"#0","tintindex":0},"south":{"uv":[1.008,7.258,2.492,7.625],"texture":"#0","tintindex":0},"north":{"uv":[6.008,6.508,7.492,6.875],"texture":"#0","tintindex":0},"west":{"uv":[2.508,7.258,3.992,7.625],"texture":"#0","tintindex":0},"up":{"uv":[3.242,1.492,1.758,0.008],"texture":"#0","tintindex":0},"down":{"uv":[3.242,1.508,1.758,2.992],"texture":"#0","tintindex":0}}},{"from":[7.1895,7.1069984,4.8395],"to":[8.8105,8.877998,11.1605],"faces":{"east":{"uv":[6.008,5.008,7.625,5.492],"texture":"#0","tintindex":0},"south":{"uv":[0.008,8.508,0.375,8.992],"texture":"#0","tintindex":0},"north":{"uv":[8.008,8.258,8.375,8.742],"texture":"#0","tintindex":0},"west":{"uv":[6.008,5.508,7.625,5.992],"texture":"#0","tintindex":0},"up":{"uv":[0.375,7.875,0.008,6.258],"texture":"#0","tintindex":0},"down":{"uv":[0.875,6.258,0.508,7.875],"texture":"#0","tintindex":0}}},{"from":[11.2605,8.952999,11.2605],"to":[4.7395,7.132,4.7395],"faces":{"east":{"uv":[6.258,1.008,7.875,1.492],"texture":"#0","tintindex":0},"south":{"uv":[6.258,1.508,7.875,1.992],"texture":"#0","tintindex":0},"north":{"uv":[6.258,0.508,7.875,0.992],"texture":"#0","tintindex":0},"west":{"uv":[6.258,2.008,7.875,2.492],"texture":"#0","tintindex":0},"up":{"uv":[1.625,1.625,0.008,0.008],"texture":"#0","tintindex":0},"down":{"uv":[1.625,1.758,0.008,3.375],"texture":"#0","tintindex":0}}}],"textures":{"0":"modelengine:entity/cubee_gift_box"}}