{"display":{"gui":{"rotation":[30.0,225.0,0.0]}},"elements":[{"from":[7.5,7.5,6.055],"to":[8.5,8.5,9.805],"faces":{"east":{"uv":[3.508,1.758,4.492,1.992],"texture":"#0","tintindex":0},"south":{"uv":[7.258,8.258,7.492,8.492],"texture":"#0","tintindex":0},"north":{"uv":[8.258,7.008,8.492,7.242],"texture":"#0","tintindex":0},"west":{"uv":[5.008,1.508,5.992,1.742],"texture":"#0","tintindex":0},"up":{"uv":[2.742,8.742,2.508,7.758],"texture":"#0","tintindex":0},"down":{"uv":[2.992,7.758,2.758,8.742],"texture":"#0","tintindex":0}}},{"from":[6.75,6.75,3.3050003],"to":[9.25,9.25,4.3050003],"faces":{"east":{"uv":[8.008,6.258,8.242,6.875],"texture":"#0","tintindex":0},"south":{"uv":[7.258,6.008,7.875,6.625],"texture":"#0","tintindex":0},"north":{"uv":[0.758,7.258,1.375,7.875],"texture":"#0","tintindex":0},"west":{"uv":[8.008,7.008,8.242,7.625],"texture":"#0","tintindex":0},"up":{"uv":[8.625,7.992,8.008,7.758],"texture":"#0","tintindex":0},"down":{"uv":[8.625,8.008,8.008,8.242],"texture":"#0","tintindex":0}}},{"from":[7.0,7.0,4.3050003],"to":[9.0,9.0,6.055],"faces":{"east":{"uv":[7.758,2.258,8.242,2.742],"texture":"#0","tintindex":0},"south":{"uv":[3.008,7.758,3.492,8.242],"texture":"#0","tintindex":0},"north":{"uv":[4.508,3.258,4.992,3.742],"texture":"#0","tintindex":0},"west":{"uv":[3.508,7.758,3.992,8.242],"texture":"#0","tintindex":0},"up":{"uv":[4.492,8.242,4.008,7.758],"texture":"#0","tintindex":0},"down":{"uv":[4.992,7.758,4.508,8.242],"texture":"#0","tintindex":0}}}],"textures":{"0":"modelengine:entity/cubee_penguin"}}