{"display":{"gui":{"rotation":[30.0,225.0,0.0]}},"elements":[{"from":[8.575279,4.629463,6.39475],"to":[14.996279,9.929464,9.56575],"rotation":{"origin":[13.085779,7.2794647,8.33025],"axis":"z","angle":22.5},"faces":{"east":{"uv":[1.508,6.008,2.242,7.375],"texture":"#0","tintindex":0},"south":{"uv":[1.758,3.758,3.375,5.125],"texture":"#0","tintindex":0},"north":{"uv":[0.008,3.758,1.625,5.125],"texture":"#0","tintindex":0},"west":{"uv":[6.008,1.508,6.742,2.875],"texture":"#0","tintindex":0},"up":{"uv":[3.125,5.992,1.508,5.258],"texture":"#0","tintindex":0},"down":{"uv":[4.875,5.258,3.258,5.992],"texture":"#0","tintindex":0}}},{"from":[12.974236,3.581976,6.24475],"to":[15.624235,6.581976,9.79475],"rotation":{"origin":[14.749235,4.6069756,8.01975],"axis":"z","angle":-22.5},"faces":{"east":{"uv":[6.758,1.258,7.625,1.992],"texture":"#0","tintindex":0},"south":{"uv":[0.008,7.258,0.625,7.992],"texture":"#0","tintindex":0},"north":{"uv":[6.758,7.008,7.375,7.742],"texture":"#0","tintindex":0},"west":{"uv":[6.758,2.008,7.625,2.742],"texture":"#0","tintindex":0},"up":{"uv":[2.875,7.625,2.258,6.758],"texture":"#0","tintindex":0},"down":{"uv":[3.625,6.758,3.008,7.625],"texture":"#0","tintindex":0}}}],"textures":{"0":"modelengine:entity/cubee_penguin"}}