{"display":{"gui":{"rotation":[30.0,225.0,0.0]}},"elements":[{"from":[7.514035,7.514035,8.0],"to":[8.485965,8.485965,8.0],"faces":{"south":{"uv":[7.258,6.758,7.492,6.992],"texture":"#0","tintindex":0},"north":{"uv":[3.758,6.758,3.992,6.992],"texture":"#0","tintindex":0}}},{"from":[7.914035,7.914035,7.975],"to":[8.335965,8.335965,7.975],"faces":{"south":{"uv":[4.508,8.508,4.625,8.625],"texture":"#0","tintindex":0},"north":{"uv":[8.508,3.258,8.625,3.375],"texture":"#0","tintindex":0}}}],"textures":{"0":"modelengine:entity/cubee_penguin"}}