{"display":{"gui":{"rotation":[30.0,225.0,0.0]}},"elements":[{"from":[7.75,7.75,6.0625],"to":[8.25,8.25,7.8125],"faces":{"east":{"uv":[8.258,7.258,8.742,7.375],"texture":"#0","tintindex":0},"south":{"uv":[6.508,8.508,6.625,8.625],"texture":"#0","tintindex":0},"north":{"uv":[6.258,8.508,6.375,8.625],"texture":"#0","tintindex":0},"west":{"uv":[7.508,8.258,7.992,8.375],"texture":"#0","tintindex":0},"up":{"uv":[8.125,8.742,8.008,8.258],"texture":"#0","tintindex":0},"down":{"uv":[8.375,8.258,8.258,8.742],"texture":"#0","tintindex":0}}},{"from":[7.6000004,7.5999994,5.2625],"to":[8.4,8.4,6.0625],"faces":{"east":{"uv":[0.008,8.508,0.242,8.742],"texture":"#0","tintindex":0},"south":{"uv":[8.508,0.008,8.742,0.242],"texture":"#0","tintindex":0},"north":{"uv":[8.258,7.508,8.492,7.742],"texture":"#0","tintindex":0},"west":{"uv":[0.258,8.508,0.492,8.742],"texture":"#0","tintindex":0},"up":{"uv":[8.742,0.492,8.508,0.258],"texture":"#0","tintindex":0},"down":{"uv":[0.742,8.508,0.508,8.742],"texture":"#0","tintindex":0}}}],"textures":{"0":"modelengine:entity/cubee_penguin"}}