{"display":{"gui":{"rotation":[30.0,225.0,0.0]}},"elements":[{"from":[7.664035,7.914035,7.975],"to":[8.085965,8.335965,7.975],"faces":{"south":{"uv":[6.008,8.508,6.125,8.625],"texture":"#0","tintindex":0},"north":{"uv":[4.758,8.508,4.875,8.625],"texture":"#0","tintindex":0}}},{"from":[7.514035,7.514035,8.0],"to":[8.485965,8.485965,8.0],"faces":{"south":{"uv":[6.508,1.258,6.742,1.492],"texture":"#0","tintindex":0},"north":{"uv":[4.758,6.008,4.992,6.242],"texture":"#0","tintindex":0}}}],"textures":{"0":"modelengine:entity/cubee_penguin"}}