{"display":{"gui":{"rotation":[30.0,225.0,0.0]}},"elements":[{"from":[7.1895,4.60625,7.4],"to":[8.8105,8.23125,8.5],"faces":{"east":{"uv":[5.008,7.758,5.242,8.625],"texture":"#0","tintindex":0},"south":{"uv":[7.508,6.758,7.875,7.625],"texture":"#0","tintindex":0},"north":{"uv":[1.508,7.508,1.875,8.375],"texture":"#0","tintindex":0},"west":{"uv":[5.258,7.758,5.492,8.625],"texture":"#0","tintindex":0},"up":{"uv":[8.625,5.492,8.258,5.258],"texture":"#0","tintindex":0},"down":{"uv":[6.375,8.258,6.008,8.492],"texture":"#0","tintindex":0}}},{"from":[6.9395,3.3562498,7.15],"to":[9.0605,4.60625,8.75],"faces":{"east":{"uv":[3.508,8.258,3.875,8.625],"texture":"#0","tintindex":0},"south":{"uv":[6.508,7.758,6.992,8.125],"texture":"#0","tintindex":0},"north":{"uv":[6.008,7.758,6.492,8.125],"texture":"#0","tintindex":0},"west":{"uv":[8.258,3.508,8.625,3.875],"texture":"#0","tintindex":0},"up":{"uv":[7.492,8.125,7.008,7.758],"texture":"#0","tintindex":0},"down":{"uv":[7.992,7.758,7.508,8.125],"texture":"#0","tintindex":0}}}],"textures":{"0":"modelengine:entity/cubee_penguin"}}