{"display":{"gui":{"rotation":[30.0,225.0,0.0]}},"elements":[{"from":[6.9395,3.2875004,7.25],"to":[9.0605,4.5375004,8.75],"faces":{"east":{"uv":[4.008,8.258,4.375,8.625],"texture":"#0","tintindex":0},"south":{"uv":[8.008,0.008,8.492,0.375],"texture":"#0","tintindex":0},"north":{"uv":[0.008,8.008,0.492,8.375],"texture":"#0","tintindex":0},"west":{"uv":[8.258,4.008,8.625,4.375],"texture":"#0","tintindex":0},"up":{"uv":[0.992,8.375,0.508,8.008],"texture":"#0","tintindex":0},"down":{"uv":[1.492,8.008,1.008,8.375],"texture":"#0","tintindex":0}}},{"from":[7.1895,4.5375004,7.5],"to":[8.8105,8.0375,8.5],"faces":{"east":{"uv":[5.508,7.758,5.742,8.625],"texture":"#0","tintindex":0},"south":{"uv":[2.008,7.758,2.375,8.625],"texture":"#0","tintindex":0},"north":{"uv":[7.758,1.258,8.125,2.125],"texture":"#0","tintindex":0},"west":{"uv":[5.758,7.758,5.992,8.625],"texture":"#0","tintindex":0},"up":{"uv":[8.625,6.492,8.258,6.258],"texture":"#0","tintindex":0},"down":{"uv":[6.875,8.258,6.508,8.492],"texture":"#0","tintindex":0}}}],"textures":{"0":"modelengine:entity/cubee_penguin"}}