{"display":{"gui":{"rotation":[30.0,225.0,0.0]}},"elements":[{"from":[5.624785,8.426161,8.010375],"to":[7.181035,8.900091,8.010375],"faces":{"south":{"uv":[8.508,0.758,8.875,0.875],"texture":"#0","tintindex":0},"north":{"uv":[0.758,8.508,1.125,8.625],"texture":"#0","tintindex":0}}},{"from":[8.818965,8.426161,8.010375],"to":[10.375216,8.900091,8.010375],"faces":{"south":{"uv":[1.258,8.508,1.625,8.625],"texture":"#0","tintindex":0},"north":{"uv":[8.508,1.008,8.875,1.125],"texture":"#0","tintindex":0}}},{"from":[5.832285,7.22266,7.989625],"to":[7.177715,8.651091,7.989625],"faces":{"south":{"uv":[3.008,8.258,3.375,8.625],"texture":"#0","tintindex":0},"north":{"uv":[8.258,2.258,8.625,2.625],"texture":"#0","tintindex":0}}},{"from":[8.822285,7.22266,7.989625],"to":[10.167715,8.651091,7.989625],"faces":{"south":{"uv":[8.258,1.758,8.625,2.125],"texture":"#0","tintindex":0},"north":{"uv":[8.258,1.258,8.625,1.625],"texture":"#0","tintindex":0}}}],"textures":{"0":"modelengine:entity/cubee_penguin"}}