{"display":{"gui":{"rotation":[30.0,225.0,0.0]}},"elements":[{"from":[7.1145,5.7895,4.3395],"to":[8.8855,6.3605003,5.1895],"faces":{"east":{"uv":[1.758,8.508,1.992,8.625],"texture":"#0","tintindex":0},"south":{"uv":[8.258,6.758,8.742,6.875],"texture":"#0","tintindex":0},"north":{"uv":[8.258,6.508,8.742,6.625],"texture":"#0","tintindex":0},"west":{"uv":[8.508,3.008,8.742,3.125],"texture":"#0","tintindex":0},"up":{"uv":[6.492,3.242,6.008,3.008],"texture":"#0","tintindex":0},"down":{"uv":[8.742,2.758,8.258,2.992],"texture":"#0","tintindex":0}}},{"from":[4.9895,10.5105,5.1895],"to":[11.0105,12.5105,11.6605],"rotation":{"origin":[8.0,9.450001,8.0],"axis":"x","angle":22.5},"faces":{"east":{"uv":[6.508,4.508,8.125,4.992],"texture":"#0","tintindex":0},"south":{"uv":[0.008,6.758,1.492,7.242],"texture":"#0","tintindex":0},"north":{"uv":[6.508,5.508,7.992,5.992],"texture":"#0","tintindex":0},"west":{"uv":[6.508,5.008,8.125,5.492],"texture":"#0","tintindex":0},"up":{"uv":[4.492,3.625,3.008,2.008],"texture":"#0","tintindex":0},"down":{"uv":[4.992,0.008,3.508,1.625],"texture":"#0","tintindex":0}}},{"from":[5.1895,5.2395,5.1895],"to":[10.8105,10.810501,10.8105],"faces":{"east":{"uv":[4.508,1.758,5.875,3.125],"texture":"#0","tintindex":0},"south":{"uv":[5.008,0.008,6.375,1.375],"texture":"#0","tintindex":0},"north":{"uv":[3.508,3.758,4.875,5.125],"texture":"#0","tintindex":0},"west":{"uv":[5.008,3.258,6.375,4.625],"texture":"#0","tintindex":0},"up":{"uv":[6.375,6.125,5.008,4.758],"texture":"#0","tintindex":0},"down":{"uv":[1.375,5.258,0.008,6.625],"texture":"#0","tintindex":0}}},{"from":[6.9645,6.3605003,4.2895],"to":[9.0355,7.1105003,5.1895],"faces":{"east":{"uv":[2.008,7.508,2.242,7.742],"texture":"#0","tintindex":0},"south":{"uv":[8.258,4.508,8.742,4.742],"texture":"#0","tintindex":0},"north":{"uv":[4.508,8.258,4.992,8.492],"texture":"#0","tintindex":0},"west":{"uv":[7.008,8.258,7.242,8.492],"texture":"#0","tintindex":0},"up":{"uv":[8.742,4.992,8.258,4.758],"texture":"#0","tintindex":0},"down":{"uv":[8.742,5.008,8.258,5.242],"texture":"#0","tintindex":0}}},{"from":[4.6895,8.3895,4.6895],"to":[11.3105,10.5105,12.1605],"rotation":{"origin":[8.0,9.450001,8.0],"axis":"x","angle":22.5},"faces":{"east":{"uv":[6.508,0.758,8.375,1.242],"texture":"#0","tintindex":0},"south":{"uv":[6.508,4.008,8.125,4.492],"texture":"#0","tintindex":0},"north":{"uv":[6.508,3.508,8.125,3.992],"texture":"#0","tintindex":0},"west":{"uv":[6.508,3.008,8.375,3.492],"texture":"#0","tintindex":0},"up":{"uv":[1.625,1.875,0.008,0.008],"texture":"#0","tintindex":0},"down":{"uv":[3.375,0.008,1.758,1.875],"texture":"#0","tintindex":0}}},{"from":[4.9395,4.3395004,5.2895],"to":[11.0605,6.6395006,11.6605],"rotation":{"origin":[8.0,5.439501,8.6],"axis":"x","angle":-22.5},"faces":{"east":{"uv":[2.258,6.008,3.875,6.625],"texture":"#0","tintindex":0},"south":{"uv":[6.508,0.008,7.992,0.625],"texture":"#0","tintindex":0},"north":{"uv":[5.758,6.258,7.242,6.875],"texture":"#0","tintindex":0},"west":{"uv":[4.008,6.258,5.625,6.875],"texture":"#0","tintindex":0},"up":{"uv":[1.492,3.625,0.008,2.008],"texture":"#0","tintindex":0},"down":{"uv":[2.992,2.008,1.508,3.625],"texture":"#0","tintindex":0}}}],"textures":{"0":"modelengine:entity/cubee_penguin"}}