{"display":{"gui":{"rotation":[30.0,225.0,0.0]}},"elements":[{"from":[5.2375,7.6500006,7.25],"to":[8.2375,8.400001,9.5],"faces":{"east":{"uv":[8.008,0.508,8.625,0.742],"texture":"#0","tintindex":0},"south":{"uv":[6.508,6.008,7.242,6.242],"texture":"#0","tintindex":0},"north":{"uv":[4.008,6.008,4.742,6.242],"texture":"#0","tintindex":0},"west":{"uv":[8.008,5.508,8.625,5.742],"texture":"#0","tintindex":0},"up":{"uv":[4.492,7.625,3.758,7.008],"texture":"#0","tintindex":0},"down":{"uv":[5.242,7.008,4.508,7.625],"texture":"#0","tintindex":0}}}],"textures":{"0":"modelengine:entity/cubee_penguin"}}