{"display":{"gui":{"rotation":[30.0,225.0,0.0]}},"elements":[{"from":[7.7625,7.6500006,7.25],"to":[10.7625,8.400001,9.5],"faces":{"east":{"uv":[8.008,5.758,8.625,5.992],"texture":"#0","tintindex":0},"south":{"uv":[7.508,2.758,8.242,2.992],"texture":"#0","tintindex":0},"north":{"uv":[6.758,2.758,7.492,2.992],"texture":"#0","tintindex":0},"west":{"uv":[8.008,6.008,8.625,6.242],"texture":"#0","tintindex":0},"up":{"uv":[5.992,7.625,5.258,7.008],"texture":"#0","tintindex":0},"down":{"uv":[6.742,7.008,6.008,7.625],"texture":"#0","tintindex":0}}}],"textures":{"0":"modelengine:entity/cubee_penguin"}}