{"display":{"gui":{"rotation":[30.0,225.0,0.0]}},"elements":[{"from":[13.0,8.0,9.0],"to":[3.0,6.0,-1.0],"faces":{"east":{"uv":[8.75,8.25,10.0,8.0],"texture":"#0","tintindex":0},"south":{"uv":[8.75,4.875,10.0,4.625],"texture":"#0","tintindex":0},"north":{"uv":[8.75,5.375,10.0,5.125],"texture":"#0","tintindex":0},"west":{"uv":[8.75,5.125,10.0,4.875],"texture":"#0","tintindex":0},"up":{"uv":[4.125,4.625,5.375,5.875],"texture":"#0","tintindex":0},"down":{"uv":[5.625,5.0,6.875,3.75],"texture":"#0","tintindex":0}}},{"from":[3.0,6.0,-1.0],"to":[13.0,8.0,9.0],"faces":{"east":{"uv":[8.75,4.875,10.0,5.125],"texture":"#0","tintindex":0},"south":{"uv":[8.75,5.125,10.0,5.375],"texture":"#0","tintindex":0},"north":{"uv":[8.75,4.625,10.0,4.875],"texture":"#0","tintindex":0},"west":{"uv":[8.75,8.0,10.0,8.25],"texture":"#0","tintindex":0},"up":{"uv":[5.625,1.25,4.375,0.0],"texture":"#0","tintindex":0},"down":{"uv":[5.375,4.625,4.125,5.875],"texture":"#0","tintindex":0}}},{"from":[3.0,8.0,-1.0],"to":[13.0,10.0,3.0],"faces":{"east":{"uv":[14.75,12.625,15.25,12.875],"texture":"#0","tintindex":0},"south":{"uv":[14.75,12.875,16.0,13.125],"texture":"#0","tintindex":0},"north":{"uv":[14.75,12.375,16.0,12.625],"texture":"#0","tintindex":0},"west":{"uv":[14.75,15.75,15.25,16.0],"texture":"#0","tintindex":0},"up":{"uv":[11.625,8.25,10.375,7.75],"texture":"#0","tintindex":0},"down":{"uv":[11.375,12.375,10.125,12.875],"texture":"#0","tintindex":0}}},{"from":[13.0,10.0,3.0],"to":[3.0,8.0,-1.0],"faces":{"east":{"uv":[14.75,16.0,15.25,15.75],"texture":"#0","tintindex":0},"south":{"uv":[14.75,12.625,16.0,12.375],"texture":"#0","tintindex":0},"north":{"uv":[14.75,13.125,16.0,12.875],"texture":"#0","tintindex":0},"west":{"uv":[14.75,12.875,15.25,12.625],"texture":"#0","tintindex":0},"up":{"uv":[10.125,12.375,11.375,12.875],"texture":"#0","tintindex":0},"down":{"uv":[10.375,8.25,11.625,7.75],"texture":"#0","tintindex":0}}}],"textures":{"0":"modelengine:entity/empowered_endermauler"}}