{"display":{"gui":{"rotation":[30.0,225.0,0.0]}},"elements":[{"from":[-5.0,8.0,8.0],"to":[21.0,11.0,8.0],"faces":{"east":{"uv":[15.875,15.875,16.0,16.0],"texture":"#0","tintindex":0},"south":{"uv":[11.25,4.0,14.5,4.375],"texture":"#0","tintindex":0},"north":{"uv":[11.25,4.0,14.5,4.375],"texture":"#0","tintindex":0},"west":{"uv":[15.875,15.875,16.0,16.0],"texture":"#0","tintindex":0},"up":{"uv":[15.875,15.875,16.0,16.0],"texture":"#0","tintindex":0},"down":{"uv":[15.875,15.875,16.0,16.0],"texture":"#0","tintindex":0}}}],"textures":{"0":"modelengine:entity/empowered_endermauler"}}