{"display":{"gui":{"rotation":[30.0,225.0,0.0]}},"elements":[{"from":[4.5,1.0,-1.0],"to":[11.5,8.0,8.0],"rotation":{"origin":[12.0,8.0,8.0],"axis":"x","angle":-22.5},"faces":{"east":{"uv":[6.125,0.0,7.25,0.875],"texture":"#0","tintindex":0},"south":{"uv":[7.0,0.875,7.875,1.75],"texture":"#0","tintindex":0},"north":{"uv":[6.75,3.25,7.625,4.125],"texture":"#0","tintindex":0},"west":{"uv":[6.375,4.25,7.5,5.125],"texture":"#0","tintindex":0},"up":{"uv":[7.5,6.25,6.625,5.125],"texture":"#0","tintindex":0},"down":{"uv":[7.5,6.25,6.625,7.375],"texture":"#0","tintindex":0}}}],"textures":{"0":"modelengine:entity/empowered_ender_crawler"}}