{"display":{"gui":{"rotation":[30.0,225.0,0.0]}},"elements":[{"from":[6.5,-16.0,5.0],"to":[9.5,8.0,9.0],"faces":{"east":{"uv":[3.0,3.875,2.5,6.875],"texture":"#0","tintindex":0},"south":{"uv":[5.625,4.375,5.25,7.375],"texture":"#0","tintindex":0},"north":{"uv":[4.375,4.875,4.0,7.875],"texture":"#0","tintindex":0},"west":{"uv":[2.5,3.875,2.0,6.875],"texture":"#0","tintindex":0},"up":{"uv":[8.0,6.875,8.375,6.375],"texture":"#0","tintindex":0},"down":{"uv":[8.0,6.875,8.375,7.375],"texture":"#0","tintindex":0}}}],"textures":{"0":"modelengine:entity/empowered_ender_crawler"}}