{"display":{"gui":{"rotation":[30.0,225.0,0.0]}},"elements":[{"from":[0.0,8.0,8.0],"to":[8.0,10.0,8.0],"faces":{"east":{"uv":[15.875,15.875,16.0,16.0],"texture":"#0","tintindex":0},"south":{"uv":[9.625,6.5,8.625,6.75],"texture":"#0","tintindex":0},"north":{"uv":[8.625,6.5,9.625,6.75],"texture":"#0","tintindex":0},"west":{"uv":[15.875,15.875,16.0,16.0],"texture":"#0","tintindex":0},"up":{"uv":[15.875,15.875,16.0,16.0],"texture":"#0","tintindex":0},"down":{"uv":[15.875,15.875,16.0,16.0],"texture":"#0","tintindex":0}}}],"textures":{"0":"modelengine:entity/empowered_ender_crawler"}}