{"display":{"gui":{"rotation":[30.0,225.0,0.0]}},"elements":[{"from":[7.1207542,7.311389,7.8818054],"to":[7.5607543,8.691389,8.104305],"faces":{"east":{"uv":[5.5,12.5,5.75,13.25],"texture":"#0","tintindex":0},"south":{"uv":[12.5,6.0,12.75,6.75],"texture":"#0","tintindex":0},"north":{"uv":[12.5,5.0,12.75,5.75],"texture":"#0","tintindex":0},"west":{"uv":[6.5,12.5,6.75,13.25],"texture":"#0","tintindex":0},"up":{"uv":[13.25,8.25,13.0,8.0],"texture":"#0","tintindex":0},"down":{"uv":[8.75,13.0,8.5,13.25],"texture":"#0","tintindex":0}}},{"from":[5.7557545,7.038889,7.8818054],"to":[6.2457542,8.963889,8.104305],"faces":{"east":{"uv":[9.5,12.0,9.75,13.0],"texture":"#0","tintindex":0},"south":{"uv":[10.0,12.0,10.25,13.0],"texture":"#0","tintindex":0},"north":{"uv":[6.0,12.0,6.25,13.0],"texture":"#0","tintindex":0},"west":{"uv":[10.5,12.0,10.75,13.0],"texture":"#0","tintindex":0},"up":{"uv":[10.25,13.25,10.0,13.0],"texture":"#0","tintindex":0},"down":{"uv":[13.25,10.0,13.0,10.25],"texture":"#0","tintindex":0}}},{"from":[5.410754,7.6563883,7.9068055],"to":[7.155754,8.346389,8.079306],"faces":{"east":{"uv":[13.0,8.5,13.25,8.75],"texture":"#0","tintindex":0},"south":{"uv":[12.5,7.0,13.25,7.25],"texture":"#0","tintindex":0},"north":{"uv":[7.0,12.5,7.75,12.75],"texture":"#0","tintindex":0},"west":{"uv":[13.0,9.0,13.25,9.25],"texture":"#0","tintindex":0},"up":{"uv":[13.25,7.75,12.5,7.5],"texture":"#0","tintindex":0},"down":{"uv":[8.75,12.5,8.0,12.75],"texture":"#0","tintindex":0}}},{"from":[6.279532,8.261816,7.9318056],"to":[6.7803392,8.737623,8.079306],"rotation":{"origin":[6.745399,7.9982634,7.9993057],"axis":"z","angle":-45.0},"faces":{"east":{"uv":[1.0,13.5,1.25,13.75],"texture":"#0","tintindex":0},"south":{"uv":[13.5,1.0,13.75,1.25],"texture":"#0","tintindex":0},"north":{"uv":[13.5,0.5,13.75,0.75],"texture":"#0","tintindex":0},"west":{"uv":[1.5,13.5,1.75,13.75],"texture":"#0","tintindex":0},"up":{"uv":[13.75,1.75,13.5,1.5],"texture":"#0","tintindex":0},"down":{"uv":[2.25,13.5,2.0,13.75],"texture":"#0","tintindex":0}}},{"from":[5.705268,7.6831684,7.9318056],"to":[6.3560753,8.158976,8.079306],"rotation":{"origin":[6.745399,7.9982634,7.9993057],"axis":"z","angle":45.0},"faces":{"east":{"uv":[13.0,12.5,13.25,12.75],"texture":"#0","tintindex":0},"south":{"uv":[13.0,13.0,13.25,13.25],"texture":"#0","tintindex":0},"north":{"uv":[12.5,13.0,12.75,13.25],"texture":"#0","tintindex":0},"west":{"uv":[0.0,13.5,0.25,13.75],"texture":"#0","tintindex":0},"up":{"uv":[13.75,0.25,13.5,0.0],"texture":"#0","tintindex":0},"down":{"uv":[0.75,13.5,0.5,13.75],"texture":"#0","tintindex":0}}},{"from":[6.4557543,7.1388884,7.8818054],"to":[6.9457545,8.863889,8.104305],"faces":{"east":{"uv":[9.0,12.5,9.25,13.25],"texture":"#0","tintindex":0},"south":{"uv":[12.5,9.0,12.75,9.75],"texture":"#0","tintindex":0},"north":{"uv":[12.5,8.0,12.75,8.75],"texture":"#0","tintindex":0},"west":{"uv":[11.0,12.5,11.25,13.25],"texture":"#0","tintindex":0},"up":{"uv":[9.75,13.25,9.5,13.0],"texture":"#0","tintindex":0},"down":{"uv":[13.25,9.5,13.0,9.75],"texture":"#0","tintindex":0}}},{"from":[5.705268,7.837552,7.9318056],"to":[6.3560753,8.313359,8.079306],"rotation":{"origin":[6.745399,7.9982634,7.9993057],"axis":"z","angle":-45.0},"faces":{"east":{"uv":[13.0,10.5,13.25,10.75],"texture":"#0","tintindex":0},"south":{"uv":[13.0,11.0,13.25,11.25],"texture":"#0","tintindex":0},"north":{"uv":[10.5,13.0,10.75,13.25],"texture":"#0","tintindex":0},"west":{"uv":[13.0,11.5,13.25,11.75],"texture":"#0","tintindex":0},"up":{"uv":[12.25,13.25,12.0,13.0],"texture":"#0","tintindex":0},"down":{"uv":[13.25,12.0,13.0,12.25],"texture":"#0","tintindex":0}}},{"from":[6.831829,8.089113,7.9318056],"to":[7.7076364,8.96492,8.079306],"rotation":{"origin":[6.745399,7.9982634,7.9993057],"axis":"z","angle":-45.0},"faces":{"east":{"uv":[13.0,5.0,13.25,5.5],"texture":"#0","tintindex":0},"south":{"uv":[5.5,12.0,6.0,12.5],"texture":"#0","tintindex":0},"north":{"uv":[5.0,12.0,5.5,12.5],"texture":"#0","tintindex":0},"west":{"uv":[13.0,5.5,13.25,6.0],"texture":"#0","tintindex":0},"up":{"uv":[6.5,13.25,6.0,13.0],"texture":"#0","tintindex":0},"down":{"uv":[13.5,6.0,13.0,6.25],"texture":"#0","tintindex":0}}},{"from":[6.279532,7.2589045,7.9318056],"to":[6.7803392,7.7347116,8.079306],"rotation":{"origin":[6.745399,7.9982634,7.9993057],"axis":"z","angle":45.0},"faces":{"east":{"uv":[3.0,13.5,3.25,13.75],"texture":"#0","tintindex":0},"south":{"uv":[13.5,3.0,13.75,3.25],"texture":"#0","tintindex":0},"north":{"uv":[2.5,13.5,2.75,13.75],"texture":"#0","tintindex":0},"west":{"uv":[13.5,3.5,13.75,3.75],"texture":"#0","tintindex":0},"up":{"uv":[13.75,4.25,13.5,4.0],"texture":"#0","tintindex":0},"down":{"uv":[13.75,4.5,13.5,4.75],"texture":"#0","tintindex":0}}}],"textures":{"0":"modelengine:entity/cubee_cookies"}}