{"display":{"gui":{"rotation":[30.0,225.0,0.0]}},"elements":[{"from":[9.054246,7.1388884,7.8818054],"to":[9.544246,8.863889,8.104305],"faces":{"east":{"uv":[4.0,13.0,4.25,13.75],"texture":"#0","tintindex":0},"south":{"uv":[4.5,13.0,4.75,13.75],"texture":"#0","tintindex":0},"north":{"uv":[3.5,13.0,3.75,13.75],"texture":"#0","tintindex":0},"west":{"uv":[5.0,13.0,5.25,13.75],"texture":"#0","tintindex":0},"up":{"uv":[13.75,6.75,13.5,6.5],"texture":"#0","tintindex":0},"down":{"uv":[7.25,13.5,7.0,13.75],"texture":"#0","tintindex":0}}},{"from":[8.844246,7.6563883,7.9068055],"to":[10.589246,8.346389,8.079306],"faces":{"east":{"uv":[13.5,5.5,13.75,5.75],"texture":"#0","tintindex":0},"south":{"uv":[13.0,2.0,13.75,2.25],"texture":"#0","tintindex":0},"north":{"uv":[1.5,13.0,2.25,13.25],"texture":"#0","tintindex":0},"west":{"uv":[6.0,13.5,6.25,13.75],"texture":"#0","tintindex":0},"up":{"uv":[3.25,13.25,2.5,13.0],"texture":"#0","tintindex":0},"down":{"uv":[13.75,2.5,13.0,2.75],"texture":"#0","tintindex":0}}},{"from":[9.219661,8.261816,7.9318056],"to":[9.7204685,8.737623,8.079306],"rotation":{"origin":[9.254601,7.9982634,7.9993057],"axis":"z","angle":45.0},"faces":{"east":{"uv":[9.0,13.5,9.25,13.75],"texture":"#0","tintindex":0},"south":{"uv":[13.5,9.0,13.75,9.25],"texture":"#0","tintindex":0},"north":{"uv":[13.5,8.5,13.75,8.75],"texture":"#0","tintindex":0},"west":{"uv":[9.5,13.5,9.75,13.75],"texture":"#0","tintindex":0},"up":{"uv":[13.75,9.75,13.5,9.5],"texture":"#0","tintindex":0},"down":{"uv":[10.25,13.5,10.0,13.75],"texture":"#0","tintindex":0}}},{"from":[8.292364,8.089113,7.9318056],"to":[9.168171,8.96492,8.079306],"rotation":{"origin":[9.254601,7.9982634,7.9993057],"axis":"z","angle":45.0},"faces":{"east":{"uv":[13.0,6.5,13.25,7.0],"texture":"#0","tintindex":0},"south":{"uv":[11.5,12.0,12.0,12.5],"texture":"#0","tintindex":0},"north":{"uv":[11.0,12.0,11.5,12.5],"texture":"#0","tintindex":0},"west":{"uv":[7.0,13.0,7.25,13.5],"texture":"#0","tintindex":0},"up":{"uv":[8.0,13.25,7.5,13.0],"texture":"#0","tintindex":0},"down":{"uv":[8.5,13.0,8.0,13.25],"texture":"#0","tintindex":0}}},{"from":[9.643925,7.6831684,7.9318056],"to":[10.294732,8.158976,8.079306],"rotation":{"origin":[9.254601,7.9982634,7.9993057],"axis":"z","angle":-45.0},"faces":{"east":{"uv":[12.0,13.5,12.25,13.75],"texture":"#0","tintindex":0},"south":{"uv":[13.5,12.0,13.75,12.25],"texture":"#0","tintindex":0},"north":{"uv":[13.5,11.5,13.75,11.75],"texture":"#0","tintindex":0},"west":{"uv":[12.5,13.5,12.75,13.75],"texture":"#0","tintindex":0},"up":{"uv":[13.75,12.75,13.5,12.5],"texture":"#0","tintindex":0},"down":{"uv":[13.25,13.5,13.0,13.75],"texture":"#0","tintindex":0}}},{"from":[8.439245,7.311389,7.8818054],"to":[8.879246,8.691389,8.104305],"faces":{"east":{"uv":[12.5,12.0,12.75,12.75],"texture":"#0","tintindex":0},"south":{"uv":[13.0,0.0,13.25,0.75],"texture":"#0","tintindex":0},"north":{"uv":[11.5,12.5,11.75,13.25],"texture":"#0","tintindex":0},"west":{"uv":[13.0,1.0,13.25,1.75],"texture":"#0","tintindex":0},"up":{"uv":[13.75,5.25,13.5,5.0],"texture":"#0","tintindex":0},"down":{"uv":[5.75,13.5,5.5,13.75],"texture":"#0","tintindex":0}}},{"from":[9.754246,7.038889,7.8818054],"to":[10.244246,8.963889,8.104305],"faces":{"east":{"uv":[0.0,12.5,0.25,13.5],"texture":"#0","tintindex":0},"south":{"uv":[0.5,12.5,0.75,13.5],"texture":"#0","tintindex":0},"north":{"uv":[12.0,12.0,12.25,13.0],"texture":"#0","tintindex":0},"west":{"uv":[1.0,12.5,1.25,13.5],"texture":"#0","tintindex":0},"up":{"uv":[13.75,6.25,13.5,6.0],"texture":"#0","tintindex":0},"down":{"uv":[6.75,13.5,6.5,13.75],"texture":"#0","tintindex":0}}},{"from":[9.219661,7.2589045,7.9318056],"to":[9.7204685,7.7347116,8.079306],"rotation":{"origin":[9.254601,7.9982634,7.9993057],"axis":"z","angle":-45.0},"faces":{"east":{"uv":[7.5,13.5,7.75,13.75],"texture":"#0","tintindex":0},"south":{"uv":[13.5,7.5,13.75,7.75],"texture":"#0","tintindex":0},"north":{"uv":[13.5,7.0,13.75,7.25],"texture":"#0","tintindex":0},"west":{"uv":[8.0,13.5,8.25,13.75],"texture":"#0","tintindex":0},"up":{"uv":[13.75,8.25,13.5,8.0],"texture":"#0","tintindex":0},"down":{"uv":[8.75,13.5,8.5,13.75],"texture":"#0","tintindex":0}}},{"from":[9.643925,7.837552,7.9318056],"to":[10.294732,8.313359,8.079306],"rotation":{"origin":[9.254601,7.9982634,7.9993057],"axis":"z","angle":45.0},"faces":{"east":{"uv":[10.5,13.5,10.75,13.75],"texture":"#0","tintindex":0},"south":{"uv":[13.5,10.5,13.75,10.75],"texture":"#0","tintindex":0},"north":{"uv":[13.5,10.0,13.75,10.25],"texture":"#0","tintindex":0},"west":{"uv":[11.0,13.5,11.25,13.75],"texture":"#0","tintindex":0},"up":{"uv":[13.75,11.25,13.5,11.0],"texture":"#0","tintindex":0},"down":{"uv":[11.75,13.5,11.5,13.75],"texture":"#0","tintindex":0}}}],"textures":{"0":"modelengine:entity/cubee_cookies"}}