{"display":{"gui":{"rotation":[30.0,225.0,0.0]}},"elements":[{"from":[6.0645,7.439501,8.0],"to":[7.1855,8.560501,8.0],"faces":{"south":{"uv":[9.5,7.5,10.0,8.0],"texture":"#0","tintindex":0},"north":{"uv":[1.5,9.5,2.0,10.0],"texture":"#0","tintindex":0}}},{"from":[8.8145,7.439501,8.0],"to":[9.9355,8.560501,8.0],"faces":{"south":{"uv":[9.0,7.5,9.5,8.0],"texture":"#0","tintindex":0},"north":{"uv":[1.5,9.0,2.0,9.5],"texture":"#0","tintindex":0}}}],"textures":{"0":"modelengine:entity/cubee_cookies"}}