{"display":{"gui":{"rotation":[30.0,225.0,0.0]}},"elements":[{"from":[10.4395,6.689501,7.2645],"to":[12.0605,10.060501,7.2645],"rotation":{"origin":[11.25,8.375,7.1145],"axis":"y","angle":-45.0},"faces":{"south":{"uv":[3.5,10.0,4.25,11.75],"texture":"#0","tintindex":0},"north":{"uv":[4.25,10.0,3.5,11.75],"texture":"#0","tintindex":0}}},{"from":[11.0105,11.0105,11.1355],"to":[4.9895,5.2395,7.1145],"faces":{"east":{"uv":[0.0,6.0,2.0,9.0],"texture":"#0","tintindex":0},"south":{"uv":[0.0,3.0,3.0,6.0],"texture":"#0","tintindex":0},"north":{"uv":[0.0,0.0,3.0,3.0],"texture":"#0","tintindex":0},"west":{"uv":[6.0,0.0,8.0,3.0],"texture":"#0","tintindex":0},"up":{"uv":[5.0,8.0,2.0,6.0],"texture":"#0","tintindex":0},"down":{"uv":[9.0,3.0,6.0,5.0],"texture":"#0","tintindex":0}}},{"from":[7.58945,4.87895,6.770825],"to":[8.41055,5.7000504,7.591925],"faces":{"east":{"uv":[10.5,3.0,11.0,3.5],"texture":"#0","tintindex":0},"south":{"uv":[11.0,1.5,11.5,2.0],"texture":"#0","tintindex":0},"north":{"uv":[6.5,10.0,7.0,10.5],"texture":"#0","tintindex":0},"west":{"uv":[11.0,10.0,11.5,10.5],"texture":"#0","tintindex":0},"up":{"uv":[12.0,2.0,11.5,1.5],"texture":"#0","tintindex":0},"down":{"uv":[5.0,12.0,4.5,12.5],"texture":"#0","tintindex":0}}},{"from":[8.567238,6.862462,7.1394997],"to":[9.938238,7.5124626,7.1394997],"rotation":{"origin":[9.877738,7.237462,7.1394997],"axis":"z","angle":22.5},"faces":{"south":{"uv":[12.5,4.5,13.25,4.75],"texture":"#0","tintindex":0},"north":{"uv":[4.5,12.5,5.25,12.75],"texture":"#0","tintindex":0}}},{"from":[5.1895,5.439501,7.1895],"to":[10.8105,10.810501,10.8105],"faces":{"east":{"uv":[5.0,6.0,6.75,8.75],"texture":"#0","tintindex":0},"south":{"uv":[3.0,3.0,5.75,5.75],"texture":"#0","tintindex":0},"north":{"uv":[3.0,0.0,5.75,2.75],"texture":"#0","tintindex":0},"west":{"uv":[7.0,5.0,8.75,7.75],"texture":"#0","tintindex":0},"up":{"uv":[10.75,1.75,8.0,0.0],"texture":"#0","tintindex":0},"down":{"uv":[4.75,8.0,2.0,9.75],"texture":"#0","tintindex":0}}},{"from":[6.061762,6.862462,7.1394997],"to":[7.432762,7.5124626,7.1394997],"rotation":{"origin":[6.122262,7.237462,7.1394997],"axis":"z","angle":-22.5},"faces":{"south":{"uv":[12.5,4.0,13.25,4.25],"texture":"#0","tintindex":0},"north":{"uv":[12.5,3.5,13.25,3.75],"texture":"#0","tintindex":0}}},{"from":[3.9394999,6.689501,7.2645],"to":[5.5605,10.060501,7.2645],"rotation":{"origin":[4.75,8.375,7.1145],"axis":"y","angle":45.0},"faces":{"south":{"uv":[4.25,10.0,3.5,11.75],"texture":"#0","tintindex":0},"north":{"uv":[3.5,10.0,4.25,11.75],"texture":"#0","tintindex":0}}},{"from":[7.1895,6.3895006,7.1395],"to":[8.8105,7.0395,7.1395],"faces":{"south":{"uv":[12.5,3.0,13.25,3.25],"texture":"#0","tintindex":0},"north":{"uv":[1.5,12.5,2.25,12.75],"texture":"#0","tintindex":0}}}],"textures":{"0":"modelengine:entity/cubee_cookies"}}