{"display":{"gui":{"rotation":[30.0,225.0,0.0]}},"elements":[{"from":[5.2375,6.75,7.25],"to":[8.2375,9.0,8.75],"faces":{"east":{"uv":[9.5,10.5,10.25,11.75],"texture":"#0","tintindex":0},"south":{"uv":[8.5,8.0,10.0,9.25],"texture":"#0","tintindex":0},"north":{"uv":[7.0,8.0,8.5,9.25],"texture":"#0","tintindex":0},"west":{"uv":[10.5,10.5,11.25,11.75],"texture":"#0","tintindex":0},"up":{"uv":[1.5,11.25,0.0,10.5],"texture":"#0","tintindex":0},"down":{"uv":[12.0,2.0,10.5,2.75],"texture":"#0","tintindex":0}}}],"textures":{"0":"modelengine:entity/cubee_cookies"}}