{"display":{"gui":{"rotation":[30.0,225.0,0.0]}},"elements":[{"from":[4.500135,4.612838,7.143],"to":[7.8711348,6.612838,8.764],"rotation":{"origin":[8.400879,7.3018684,7.49825],"axis":"z","angle":-22.5},"faces":{"east":{"uv":[6.0,5.0,6.75,6.0],"texture":"#0","tintindex":0},"south":{"uv":[9.0,4.5,10.75,5.5],"texture":"#0","tintindex":0},"north":{"uv":[9.0,3.5,10.75,4.5],"texture":"#0","tintindex":0},"west":{"uv":[8.0,2.0,8.75,3.0],"texture":"#0","tintindex":0},"up":{"uv":[10.75,7.25,9.0,6.5],"texture":"#0","tintindex":0},"down":{"uv":[8.75,9.5,7.0,10.25],"texture":"#0","tintindex":0}}},{"from":[5.26494,5.485674,7.043],"to":[7.98594,6.985674,7.043],"rotation":{"origin":[8.400879,7.3018684,7.49825],"axis":"z","angle":-22.5},"faces":{"south":{"uv":[7.75,11.5,6.5,12.25],"texture":"#0","tintindex":0},"north":{"uv":[6.5,11.5,7.75,12.25],"texture":"#0","tintindex":0}}},{"from":[5.500135,6.612838,7.143],"to":[7.8711348,8.112838,8.764],"rotation":{"origin":[8.400879,7.3018684,7.49825],"axis":"z","angle":-22.5},"faces":{"east":{"uv":[12.0,1.0,12.75,1.75],"texture":"#0","tintindex":0},"south":{"uv":[11.0,4.0,12.25,4.75],"texture":"#0","tintindex":0},"north":{"uv":[11.0,3.0,12.25,3.75],"texture":"#0","tintindex":0},"west":{"uv":[12.0,2.0,12.75,2.75],"texture":"#0","tintindex":0},"up":{"uv":[12.25,5.75,11.0,5.0],"texture":"#0","tintindex":0},"down":{"uv":[12.25,6.0,11.0,6.75],"texture":"#0","tintindex":0}}}],"textures":{"0":"modelengine:entity/cubee_cookies"}}