{"display":{"gui":{"rotation":[30.0,225.0,0.0]}},"elements":[{"from":[8.128865,4.612838,7.143],"to":[11.499865,6.612838,8.764],"rotation":{"origin":[7.5991216,7.3018684,7.49825],"axis":"z","angle":22.5},"faces":{"east":{"uv":[8.75,2.0,8.0,3.0],"texture":"#0","tintindex":0},"south":{"uv":[10.75,4.5,9.0,5.5],"texture":"#0","tintindex":0},"north":{"uv":[10.75,3.5,9.0,4.5],"texture":"#0","tintindex":0},"west":{"uv":[6.75,5.0,6.0,6.0],"texture":"#0","tintindex":0},"up":{"uv":[9.0,7.25,10.75,6.5],"texture":"#0","tintindex":0},"down":{"uv":[7.0,9.5,8.75,10.25],"texture":"#0","tintindex":0}}},{"from":[8.128865,6.612838,7.143],"to":[10.499865,8.112838,8.764],"rotation":{"origin":[7.5991216,7.3018684,7.49825],"axis":"z","angle":22.5},"faces":{"east":{"uv":[12.75,2.0,12.0,2.75],"texture":"#0","tintindex":0},"south":{"uv":[12.25,4.0,11.0,4.75],"texture":"#0","tintindex":0},"north":{"uv":[12.25,3.0,11.0,3.75],"texture":"#0","tintindex":0},"west":{"uv":[12.75,1.0,12.0,1.75],"texture":"#0","tintindex":0},"up":{"uv":[11.0,5.75,12.25,5.0],"texture":"#0","tintindex":0},"down":{"uv":[11.0,6.0,12.25,6.75],"texture":"#0","tintindex":0}}},{"from":[8.01406,5.485674,7.043],"to":[10.73506,6.985674,7.043],"rotation":{"origin":[7.5991216,7.3018684,7.49825],"axis":"z","angle":22.5},"faces":{"south":{"uv":[6.5,11.5,7.75,12.25],"texture":"#0","tintindex":0},"north":{"uv":[7.75,11.5,6.5,12.25],"texture":"#0","tintindex":0}}}],"textures":{"0":"modelengine:entity/cubee_cookies"}}