{"display":{"gui":{"rotation":[30.0,225.0,0.0]}},"elements":[{"from":[7.7625,6.75,7.25],"to":[10.7625,9.0,8.75],"faces":{"east":{"uv":[11.0,0.0,11.75,1.25],"texture":"#0","tintindex":0},"south":{"uv":[9.0,2.0,10.5,3.25],"texture":"#0","tintindex":0},"north":{"uv":[0.0,9.0,1.5,10.25],"texture":"#0","tintindex":0},"west":{"uv":[1.5,11.0,2.25,12.25],"texture":"#0","tintindex":0},"up":{"uv":[8.0,11.25,6.5,10.5],"texture":"#0","tintindex":0},"down":{"uv":[9.5,10.5,8.0,11.25],"texture":"#0","tintindex":0}}}],"textures":{"0":"modelengine:entity/cubee_cookies"}}