{
	"format_version": "1.21.4",
	"credit": "Made with Blockbench",
	"texture_size": [32, 32],
	"textures": {
		"0": "herramientas:item/azada",
		"particle": "herramientas:item/azada"
	},
	"elements": [
		{
			"from": [6.1, 2, 4],
			"to": [6.6, 4, 6],
			"rotation": {"x": 45.36398, "y": 1.13375, "z": 0.61345, "origin": [6, 2, 4]},
			"faces": {
				"north": {"uv": [3.625, 8.5, 3.5, 9], "texture": "#0"},
				"east": {"uv": [3, 2.5, 4, 3.5], "texture": "#0"},
				"south": {"uv": [3.625, 8.5, 3.5, 9], "texture": "#0"},
				"west": {"uv": [3, 2.5, 4, 3.5], "texture": "#0"},
				"up": {"uv": [3.625, 8.5, 3.5, 9], "texture": "#0"},
				"down": {"uv": [7.25, 3, 7, 4], "texture": "#0"}
			}
		},
		{
			"from": [6.125, 13.375, 5.825],
			"to": [6.625, 14.95, 7.175],
			"rotation": {"x": 0, "y": 1.13375, "z": 0.61345, "origin": [6.025, 12.95, 5.825]},
			"faces": {
				"north": {"uv": [3.5, 7.5, 3.75, 8.25], "texture": "#0"},
				"east": {"uv": [4, 5.5, 4.625, 6.25], "texture": "#0"},
				"south": {"uv": [7.5, 4.5, 7.75, 5.25], "texture": "#0"},
				"west": {"uv": [5.5, 4.5, 6.125, 5.25], "texture": "#0"},
				"up": {"uv": [0.25, 8.625, 0, 8], "texture": "#0"},
				"down": {"uv": [0.75, 8, 0.5, 8.625], "texture": "#0"}
			}
		},
		{
			"from": [6.025, 14.05, -1.65],
			"to": [6.65, 14.95, 5],
			"rotation": {"x": 0, "y": 1.13375, "z": 0.61345, "origin": [6.05, 12.95, 3.65]},
			"faces": {
				"north": {"uv": [7.5, 6.5, 7.875, 7], "texture": "#0"},
				"east": {"uv": [2, 2, 5.375, 2.5], "texture": "#0"},
				"south": {"uv": [7.5, 7.5, 7.875, 8], "texture": "#0"},
				"west": {"uv": [2.5, 0, 5.875, 0.5], "texture": "#0"},
				"up": {"uv": [2.375, 5.875, 2, 2.5], "texture": "#0"},
				"down": {"uv": [2.875, 2.5, 2.5, 5.875], "texture": "#0"}
			}
		},
		{
			"from": [6.125, 14.325, -2.575],
			"to": [6.45, 14.7, 4.075],
			"rotation": {"x": 0, "y": 1.13375, "z": 0.61345, "origin": [6.025, 12.875, 2.725]},
			"faces": {
				"north": {"uv": [2.5, 9, 2.625, 9.25], "texture": "#0"},
				"east": {"uv": [2.5, 1.5, 5.875, 1.75], "texture": "#0"},
				"south": {"uv": [9, 2.5, 9.125, 2.75], "texture": "#0"},
				"west": {"uv": [3.5, 0.5, 6.875, 0.75], "texture": "#0"},
				"up": {"uv": [6.125, 8.875, 6, 5.5], "texture": "#0"},
				"down": {"uv": [6.625, 3, 6.5, 6.375], "texture": "#0"}
			}
		},
		{
			"from": [6.175, 14.875, -2.075],
			"to": [6.525, 15.325, 4.575],
			"rotation": {"x": 12.5, "y": 1.13375, "z": 0.61345, "origin": [6.075, 13.425, 3.225]},
			"faces": {
				"north": {"uv": [3, 9, 3.125, 9.25], "texture": "#0"},
				"east": {"uv": [3.5, 1, 6.875, 1.25], "texture": "#0"},
				"south": {"uv": [9, 3, 9.125, 3.25], "texture": "#0"},
				"west": {"uv": [3, 3.5, 6.375, 3.75], "texture": "#0"},
				"up": {"uv": [4.125, 9.875, 4, 6.5], "texture": "#0"},
				"down": {"uv": [4.625, 6.5, 4.5, 9.875], "texture": "#0"}
			}
		},
		{
			"from": [6.175, 13.975, -0.675],
			"to": [6.525, 14.425, 5.975],
			"rotation": {"angle": -12.63025, "axis": "x", "origin": [6.675, 12.525, 4.5]},
			"faces": {
				"north": {"uv": [3.5, 9, 3.625, 9.25], "texture": "#0"},
				"east": {"uv": [4, 2.5, 7.375, 2.75], "texture": "#0"},
				"south": {"uv": [9, 3.5, 9.125, 3.75], "texture": "#0"},
				"west": {"uv": [3, 4, 6.375, 4.25], "texture": "#0"},
				"up": {"uv": [6.625, 9.875, 6.5, 6.5], "texture": "#0"},
				"down": {"uv": [2.125, 7, 2, 10.375], "texture": "#0"}
			}
		},
		{
			"from": [6.225, 15.125, -2.575],
			"to": [6.425, 15.325, 4.075],
			"rotation": {"x": 12.5, "y": 1.13375, "z": 0.61345, "origin": [6.05, 13.575, 2.725]},
			"faces": {
				"north": {"uv": [9, 4, 9.125, 4.125], "texture": "#0"},
				"east": {"uv": [6, 0, 9.375, 0.125], "texture": "#0"},
				"south": {"uv": [9, 4.5, 9.125, 4.625], "texture": "#0"},
				"west": {"uv": [6, 1.5, 9.375, 1.625], "texture": "#0"},
				"up": {"uv": [5.125, 9.875, 5, 6.5], "texture": "#0"},
				"down": {"uv": [5.625, 6.5, 5.5, 9.875], "texture": "#0"}
			}
		},
		{
			"from": [6.3, 11.55, 12.775],
			"to": [6.8, 13.125, 14.125],
			"rotation": {"x": -55.75, "y": 1.13375, "z": 0.61345, "origin": [6.2, 11.125, 12.775]},
			"faces": {
				"north": {"uv": [0, 0, 2.5, 1], "texture": "#0"},
				"east": {"uv": [5, 5.5, 5.625, 6.25], "texture": "#0"},
				"south": {"uv": [7, 7.5, 7.25, 8.25], "texture": "#0"},
				"west": {"uv": [2, 6, 2.625, 6.75], "texture": "#0"},
				"up": {"uv": [1.25, 8.625, 1, 8], "texture": "#0"},
				"down": {"uv": [1.75, 8, 1.5, 8.625], "texture": "#0"}
			}
		},
		{
			"from": [6.175, 12.775, 6.7],
			"to": [6.675, 14.775, 11.775],
			"rotation": {"x": 12.25, "y": 1.13375, "z": 0.61345, "origin": [6.075, 12.775, 7.7]},
			"faces": {
				"north": {"uv": [7, 5, 7.25, 6], "texture": "#0"},
				"east": {"uv": [0, 0, 2.5, 1], "texture": "#0"},
				"south": {"uv": [7, 6, 7.25, 7], "texture": "#0"},
				"west": {"uv": [0, 1, 2.5, 2], "texture": "#0"},
				"up": {"uv": [3.25, 7, 3, 4.5], "texture": "#0"},
				"down": {"uv": [0, 0, 2.5, 1], "texture": "#0"}
			}
		},
		{
			"from": [6, 3, 5],
			"to": [6.7, 14.95, 5.8],
			"rotation": {"angle": 0, "axis": "y", "origin": [6, 3, 5]},
			"faces": {
				"north": {"uv": [1.5, 2, 1.875, 8], "texture": "#0"},
				"east": {"uv": [1.5, 2, 1.875, 8], "texture": "#0"},
				"south": {"uv": [1.5, 2, 1.875, 8], "texture": "#0"},
				"west": {"uv": [1.5, 2, 1.875, 8], "texture": "#0"},
				"up": {"uv": [2.875, 8.375, 2.5, 8], "texture": "#0"},
				"down": {"uv": [3.375, 8, 3, 8.375], "texture": "#0"}
			}
		},
		{
			"from": [4, 6.1, 4.9],
			"to": [6.3, 7.1, 5.9],
			"rotation": {"x": 0, "y": 0, "z": -90, "origin": [6, 6.3, 5]},
			"faces": {
				"north": {"uv": [6.625, 2, 5.5, 2.5], "texture": "#0"},
				"east": {"uv": [3.625, 8.5, 3.5, 9], "texture": "#0"},
				"south": {"uv": [6.625, 2, 5.5, 2.5], "texture": "#0"},
				"west": {"uv": [3.625, 8.5, 3.5, 9], "texture": "#0"},
				"up": {"uv": [6.625, 2, 5.5, 2.5], "texture": "#0"},
				"down": {"uv": [6.625, 2, 5.5, 2.5], "texture": "#0"}
			}
		},
		{
			"from": [6, 3.1, 4.9],
			"to": [6.3, 4.1, 5.9],
			"rotation": {"x": 0, "y": 0, "z": -90, "origin": [6, 3.3, 5]},
			"faces": {
				"north": {"uv": [8.5, 5.5, 8.625, 6], "texture": "#0"},
				"east": {"uv": [3.625, 8.5, 3.5, 9], "texture": "#0"},
				"south": {"uv": [8.5, 6, 8.625, 6.5], "texture": "#0"},
				"west": {"uv": [3.625, 8.5, 3.5, 9], "texture": "#0"},
				"up": {"uv": [3.625, 8.5, 3.5, 9], "texture": "#0"},
				"down": {"uv": [7.125, 8.5, 7, 9], "texture": "#0"}
			}
		},
		{
			"from": [6, 3.775, 4.9],
			"to": [6.3, 4.775, 5.9],
			"rotation": {"x": 0, "y": 0, "z": -90, "origin": [6, 3.975, 5]},
			"faces": {
				"north": {"uv": [3.625, 8.5, 3.5, 9], "texture": "#0"},
				"east": {"uv": [3.625, 8.5, 3.5, 9], "texture": "#0"},
				"south": {"uv": [3, 8.5, 3.125, 9], "texture": "#0"},
				"west": {"uv": [3.625, 8.5, 3.5, 9], "texture": "#0"},
				"up": {"uv": [3.625, 8.5, 3.5, 9], "texture": "#0"},
				"down": {"uv": [3.625, 8.5, 3.5, 9], "texture": "#0"}
			}
		},
		{
			"from": [6.2, 15.25, 4.9],
			"to": [6.5, 15.725, 6.5],
			"rotation": {"x": 0, "y": 0, "z": -90, "origin": [6.2, 15.275, 5]},
			"faces": {
				"north": {"uv": [8, 8.5, 8.125, 8.75], "texture": "#0"},
				"east": {"uv": [7.5, 2.5, 8.25, 2.75], "texture": "#0"},
				"south": {"uv": [8.5, 8, 8.625, 8.25], "texture": "#0"},
				"west": {"uv": [7.5, 3, 8.25, 3.25], "texture": "#0"},
				"up": {"uv": [8.125, 6.25, 8, 5.5], "texture": "#0"},
				"down": {"uv": [8.125, 6.5, 8, 7.25], "texture": "#0"}
			}
		},
		{
			"from": [6.2, 15.55, 4.55],
			"to": [6.5, 16.025, 6.15],
			"rotation": {"x": 0, "y": 0, "z": -90, "origin": [6.2, 15.575, 4.65]},
			"faces": {
				"north": {"uv": [8.5, 8.5, 8.625, 8.75], "texture": "#0"},
				"east": {"uv": [7.5, 3.5, 8.25, 3.75], "texture": "#0"},
				"south": {"uv": [0, 9, 0.125, 9.25], "texture": "#0"},
				"west": {"uv": [7.5, 4, 8.25, 4.25], "texture": "#0"},
				"up": {"uv": [7.625, 8.75, 7.5, 8], "texture": "#0"},
				"down": {"uv": [8.125, 7.5, 8, 8.25], "texture": "#0"}
			}
		},
		{
			"from": [6.2, 15.85, 4.175],
			"to": [6.5, 16.325, 5.15],
			"rotation": {"x": 0, "y": 0, "z": -90, "origin": [6.2, 15.875, 4.275]},
			"faces": {
				"north": {"uv": [0.5, 9, 0.625, 9.25], "texture": "#0"},
				"east": {"uv": [8, 4.5, 8.5, 4.75], "texture": "#0"},
				"south": {"uv": [9, 0.5, 9.125, 0.75], "texture": "#0"},
				"west": {"uv": [8, 5, 8.5, 5.25], "texture": "#0"},
				"up": {"uv": [8.625, 4, 8.5, 3.5], "texture": "#0"},
				"down": {"uv": [8.625, 4, 8.5, 4.5], "texture": "#0"}
			}
		},
		{
			"from": [5.425, 12.775, 7.075],
			"to": [6.725, 12.775, 7.75],
			"rotation": {"x": 0, "y": 12.75, "z": -90, "origin": [5.975, 12.325, 7.175]},
			"faces": {
				"north": {"uv": [0, 0, 0.625, 0], "texture": "#0"},
				"east": {"uv": [0, 0, 0.375, 0], "texture": "#0"},
				"south": {"uv": [0, 0, 0.625, 0], "texture": "#0"},
				"west": {"uv": [0, 0, 0.375, 0], "texture": "#0"},
				"up": {"uv": [7.625, 7.375, 7, 7], "texture": "#0"},
				"down": {"uv": [8.125, 0.5, 7.5, 0.875], "texture": "#0"}
			}
		},
		{
			"from": [5.425, 12.875, 8.35],
			"to": [6.725, 12.875, 9.025],
			"rotation": {"x": 0, "y": 12.75, "z": -90, "origin": [5.975, 12.425, 8.45]},
			"faces": {
				"north": {"uv": [0, 0, 0.625, 0], "texture": "#0"},
				"east": {"uv": [0, 0, 0.375, 0], "texture": "#0"},
				"south": {"uv": [0, 0, 0.625, 0], "texture": "#0"},
				"west": {"uv": [0, 0, 0.375, 0], "texture": "#0"},
				"up": {"uv": [8.125, 1.375, 7.5, 1], "texture": "#0"},
				"down": {"uv": [8.125, 2, 7.5, 2.375], "texture": "#0"}
			}
		},
		{
			"from": [5.025, 14.125, 4.25],
			"to": [5.3, 14.125, 5.05],
			"rotation": {"x": 0, "y": -1, "z": -90, "origin": [5.6, 13.45, 4.35]},
			"faces": {
				"north": {"uv": [0, 0, 0.125, 0], "texture": "#0"},
				"east": {"uv": [0, 0, 0.375, 0], "texture": "#0"},
				"south": {"uv": [0, 0, 0.125, 0], "texture": "#0"},
				"west": {"uv": [0, 0, 0.375, 0], "texture": "#0"},
				"up": {"uv": [8.625, 7.375, 8.5, 7], "texture": "#0"},
				"down": {"uv": [8.625, 7.5, 8.5, 7.875], "texture": "#0"}
			}
		},
		{
			"from": [5.025, 13.85, 4.025],
			"to": [5.3, 13.85, 5.025],
			"rotation": {"x": 0, "y": -1, "z": -90, "origin": [5.6, 13.175, 4.325]},
			"faces": {
				"north": {"uv": [0, 0, 0.125, 0], "texture": "#0"},
				"east": {"uv": [0, 0, 0.5, 0], "texture": "#0"},
				"south": {"uv": [0, 0, 0.125, 0], "texture": "#0"},
				"west": {"uv": [0, 0, 0.5, 0], "texture": "#0"},
				"up": {"uv": [8.625, 5, 8.5, 4.5], "texture": "#0"},
				"down": {"uv": [8.625, 5, 8.5, 5.5], "texture": "#0"}
			}
		},
		{
			"from": [5.025, 13.575, 3.75],
			"to": [5.3, 13.575, 5.025],
			"rotation": {"x": 0, "y": -1, "z": -90, "origin": [5.6, 12.9, 4.325]},
			"faces": {
				"north": {"uv": [0, 0, 0.125, 0], "texture": "#0"},
				"east": {"uv": [0, 0, 0.625, 0], "texture": "#0"},
				"south": {"uv": [0, 0, 0.125, 0], "texture": "#0"},
				"west": {"uv": [0, 0, 0.625, 0], "texture": "#0"},
				"up": {"uv": [8.625, 1.125, 8.5, 0.5], "texture": "#0"},
				"down": {"uv": [8.625, 2, 8.5, 2.625], "texture": "#0"}
			}
		},
		{
			"from": [5.425, 11.625, 8.075],
			"to": [5.925, 11.625, 8.375],
			"rotation": {"x": 0, "y": 12.75, "z": -90, "origin": [5.975, 11.175, 8.175]},
			"faces": {
				"north": {"uv": [0, 0, 0.25, 0], "texture": "#0"},
				"east": {"uv": [0, 0, 0.125, 0], "texture": "#0"},
				"south": {"uv": [0, 0, 0.25, 0], "texture": "#0"},
				"west": {"uv": [0, 0, 0.125, 0], "texture": "#0"},
				"up": {"uv": [1.25, 9.125, 1, 9], "texture": "#0"},
				"down": {"uv": [9.25, 1, 9, 1.125], "texture": "#0"}
			}
		},
		{
			"from": [5.425, 11.525, 6.8],
			"to": [5.925, 11.525, 7.1],
			"rotation": {"x": 0, "y": 12.75, "z": -90, "origin": [5.975, 11.075, 6.9]},
			"faces": {
				"north": {"uv": [0, 0, 0.25, 0], "texture": "#0"},
				"east": {"uv": [0, 0, 0.125, 0], "texture": "#0"},
				"south": {"uv": [0, 0, 0.25, 0], "texture": "#0"},
				"west": {"uv": [0, 0, 0.125, 0], "texture": "#0"},
				"up": {"uv": [1.75, 9.125, 1.5, 9], "texture": "#0"},
				"down": {"uv": [9.25, 2, 9, 2.125], "texture": "#0"}
			}
		}
	],
	"display": {
		"thirdperson_righthand": {
			"rotation": [-172.06, 0.13, 175.28],
			"translation": [-1.5, 4, -0.5]
		},
		"thirdperson_lefthand": {
			"rotation": [0, -180, 0],
			"translation": [2, 3.25, 0]
		},
		"firstperson_righthand": {
			"rotation": [-180, 32, -180],
			"translation": [-0.5, 2.75, 0.5]
		},
		"firstperson_lefthand": {
			"rotation": [7, 175, 0],
			"translation": [1.25, 2.75, 0]
		},
		"ground": {
			"rotation": [-77, 86, -15],
			"translation": [1.75, -4.25, 2.25]
		},
		"gui": {
			"rotation": [100.22, 80.1, -100.08],
			"translation": [2.25, -2, 0],
			"scale": [0.88, 0.88, 0.88]
		},
		"fixed": {
			"rotation": [88.68, -73.13, 84.79],
			"translation": [-1.5, -2.5, 2],
			"scale": [0.98, 1, 1]
		}
	},
	"groups": [
		0,
		1,
		2,
		3,
		4,
		5,
		6,
		7,
		8,
		9,
		10,
		11,
		{
			"name": "group",
			"origin": [6, 11.3, 8],
			"color": 0,
			"children": [12, 13, 14, 15, 16, 17, 18, 19, 20, 21, 22]
		}
	]
}
