{
	"format_version": "1.21.4",
	"credit": "Made with Blockbench",
	"textures": {
		"1": "herramientas:item/espada"
	},
	"elements": [
		{
			"from": [5.875, 4.675, 4.85],
			"to": [6.375, 5.375, 5.55],
			"rotation": {"x": 45, "y": 1, "z": 0, "origin": [5.875, 4.675, 5]},
			"faces": {
				"north": {"uv": [7, 3, 7.5, 3.75], "texture": "#1"},
				"east": {"uv": [1, 6, 1.75, 6.75], "texture": "#1"},
				"south": {"uv": [4, 7, 4.5, 7.75], "texture": "#1"},
				"west": {"uv": [1, 6, 1.75, 6.75], "texture": "#1"},
				"up": {"uv": [7.5, 4.75, 7, 4], "texture": "#1"},
				"down": {"uv": [7.5, 5, 7, 5.75], "texture": "#1"}
			}
		},
		{
			"from": [5.7, 6.9, 4.95],
			"to": [6.5, 7.6, 5.65],
			"rotation": {"x": 45, "y": 1, "z": 0, "origin": [5, 7, 5]},
			"faces": {
				"north": {"uv": [3, 6, 3.75, 6.75], "texture": "#1"},
				"east": {"uv": [6, 5, 6.75, 5.75], "texture": "#1"},
				"south": {"uv": [6, 4, 6.75, 4.75], "texture": "#1"},
				"west": {"uv": [6, 5, 6.75, 5.75], "texture": "#1"},
				"up": {"uv": [6.75, 6.75, 6, 6], "texture": "#1"},
				"down": {"uv": [0.75, 7, 0, 7.75], "texture": "#1"}
			}
		},
		{
			"from": [6, 7, 5],
			"to": [6.2, 12.7, 5.7],
			"rotation": {"angle": 0, "axis": "y", "origin": [6, 7, 5]},
			"faces": {
				"north": {"uv": [1, 0, 1.75, 5.75], "texture": "#1"},
				"east": {"uv": [1, 0, 1.75, 5.75], "texture": "#1"},
				"south": {"uv": [1, 0, 1.75, 5.75], "texture": "#1"},
				"west": {"uv": [1, 0, 1.75, 5.75], "texture": "#1"},
				"up": {"uv": [9.25, 3.75, 9, 3], "texture": "#1"},
				"down": {"uv": [4.25, 9, 4, 9.75], "texture": "#1"}
			}
		},
		{
			"from": [5.95, 5.125, 5.15],
			"to": [6.25, 7, 5.55],
			"rotation": {"angle": 0, "axis": "y", "origin": [5.85, 6, 4]},
			"faces": {
				"north": {"uv": [4, 3, 4.375, 6], "texture": "#1"},
				"east": {"uv": [4, 3, 4.375, 6], "texture": "#1"},
				"south": {"uv": [4, 3, 4.375, 6], "texture": "#1"},
				"west": {"uv": [4, 3, 4.375, 6], "texture": "#1"},
				"up": {"uv": [0.25, 10.375, 0, 10], "texture": "#1"},
				"down": {"uv": [10.25, 0, 10, 0.375], "texture": "#1"}
			}
		},
		{
			"from": [5.9, 6.7, 5],
			"to": [6.3, 8.2, 5.3],
			"rotation": {"x": -57.5, "y": 0, "z": 0, "origin": [6, 8, 6]},
			"faces": {
				"north": {"uv": [7, 6, 7.25, 7.5], "texture": "#1"},
				"east": {"uv": [7, 6, 7.25, 7.5], "texture": "#1"},
				"south": {"uv": [6, 2, 6.375, 3.5], "texture": "#1"},
				"west": {"uv": [7, 6, 7.25, 7.5], "texture": "#1"},
				"up": {"uv": [9.375, 8.25, 9, 8], "texture": "#1"},
				"down": {"uv": [9.375, 9, 9, 9.25], "texture": "#1"}
			}
		},
		{
			"from": [5.9, 5.7, 3.9],
			"to": [6.3, 7.1, 4.2],
			"rotation": {"x": 57.5, "y": 0, "z": 0, "origin": [6, 6, 5]},
			"faces": {
				"north": {"uv": [7, 1, 7.375, 2.375], "texture": "#1"},
				"east": {"uv": [8, 0, 8.25, 1.375], "texture": "#1"},
				"south": {"uv": [8, 0, 8.25, 1.375], "texture": "#1"},
				"west": {"uv": [8, 0, 8.25, 1.375], "texture": "#1"},
				"up": {"uv": [1.375, 10.25, 1, 10], "texture": "#1"},
				"down": {"uv": [10.375, 1, 10, 1.25], "texture": "#1"}
			}
		},
		{
			"from": [5.975, 4.25, 4.85],
			"to": [6.2, 5.175, 5.925],
			"shade": false,
			"rotation": {"angle": 0, "axis": "y", "origin": [5.875, 4.675, 6.475]},
			"faces": {
				"north": {"uv": [8, 5, 8.25, 5.875], "texture": "#1"},
				"east": {"uv": [5, 1, 6.125, 1.875], "texture": "#1"},
				"south": {"uv": [8, 5, 8.25, 5.875], "texture": "#1"},
				"west": {"uv": [5, 1, 6.125, 1.875], "texture": "#1"},
				"up": {"uv": [1.25, 9.125, 1, 8], "texture": "#1"},
				"down": {"uv": [2.25, 8, 2, 9.125], "texture": "#1"}
			}
		},
		{
			"from": [5.975, 5.175, 5.55],
			"to": [6.075, 5.4, 5.75],
			"rotation": {"angle": 0, "axis": "y", "origin": [5.875, 5.675, 7.15]},
			"faces": {
				"north": {"uv": [11, 2, 11.125, 2.25], "texture": "#1"},
				"east": {"uv": [10, 8, 10.25, 8.25], "texture": "#1"},
				"south": {"uv": [3, 11, 3.125, 11.25], "texture": "#1"},
				"west": {"uv": [10, 8, 10.25, 8.25], "texture": "#1"},
				"up": {"uv": [11.125, 3.25, 11, 3], "texture": "#1"},
				"down": {"uv": [4.125, 11, 4, 11.25], "texture": "#1"}
			}
		},
		{
			"from": [6.1, 6.325, 5.975],
			"to": [6.1, 6.45, 6.175],
			"rotation": {"angle": 29.75, "axis": "x", "origin": [6, 6.825, 7.575]},
			"faces": {
				"north": {"uv": [0, 0, 0, 0.125], "texture": "#1"},
				"east": {"uv": [10, 11, 10.125, 11.25], "texture": "#1"},
				"south": {"uv": [0, 0, 0, 0.125], "texture": "#1"},
				"west": {"uv": [9, 11, 9.25, 11.125], "texture": "#1"},
				"up": {"uv": [0, 0, 0, 0.125], "texture": "#1"},
				"down": {"uv": [0, 0, 0, 0.125], "texture": "#1"}
			}
		},
		{
			"from": [6.1, 7.825, 3.975],
			"to": [6.1, 7.95, 4.175],
			"rotation": {"angle": -35.25, "axis": "x", "origin": [6, 8.325, 5.575]},
			"faces": {
				"north": {"uv": [0, 0, 0, 0.125], "texture": "#1"},
				"east": {"uv": [10, 11, 10.125, 11.25], "texture": "#1"},
				"south": {"uv": [0, 0, 0, 0.125], "texture": "#1"},
				"west": {"uv": [12, 1, 12.25, 1.125], "texture": "#1"},
				"up": {"uv": [0, 0, 0, 0.125], "texture": "#1"},
				"down": {"uv": [0, 0, 0, 0.125], "texture": "#1"}
			}
		},
		{
			"from": [6.1, 7.5, 4.175],
			"to": [6.1, 7.65, 4.375],
			"rotation": {"angle": -35.25, "axis": "x", "origin": [6, 8.025, 5.775]},
			"faces": {
				"north": {"uv": [0, 0, 0, 0.125], "texture": "#1"},
				"east": {"uv": [10, 11, 10.125, 11.25], "texture": "#1"},
				"south": {"uv": [0, 0, 0, 0.125], "texture": "#1"},
				"west": {"uv": [12, 3, 12.25, 3.125], "texture": "#1"},
				"up": {"uv": [0, 0, 0, 0.125], "texture": "#1"},
				"down": {"uv": [0, 0, 0, 0.125], "texture": "#1"}
			}
		},
		{
			"from": [6.1, 7.375, 4.3],
			"to": [6.1, 7.625, 4.4],
			"rotation": {"angle": -35.25, "axis": "x", "origin": [6, 8, 5.8]},
			"faces": {
				"north": {"uv": [0, 0, 0, 0.125], "texture": "#1"},
				"east": {"uv": [10, 11, 10.125, 11.25], "texture": "#1"},
				"south": {"uv": [0, 0, 0, 0.125], "texture": "#1"},
				"west": {"uv": [12, 4, 12.125, 4.25], "texture": "#1"},
				"up": {"uv": [0, 0, 0, 0.125], "texture": "#1"},
				"down": {"uv": [0, 0, 0, 0.125], "texture": "#1"}
			}
		},
		{
			"from": [6.1, 7.825, 4.075],
			"to": [6.1, 8.1, 4.175],
			"rotation": {"angle": -35.25, "axis": "x", "origin": [6, 8.325, 5.575]},
			"faces": {
				"north": {"uv": [0, 0, 0, 0.125], "texture": "#1"},
				"east": {"uv": [10, 11, 10.125, 11.25], "texture": "#1"},
				"south": {"uv": [0, 0, 0, 0.125], "texture": "#1"},
				"west": {"uv": [12, 2, 12.125, 2.25], "texture": "#1"},
				"up": {"uv": [0, 0, 0, 0.125], "texture": "#1"},
				"down": {"uv": [0, 0, 0, 0.125], "texture": "#1"}
			}
		},
		{
			"from": [6.1, 5.95, 5.825],
			"to": [6.1, 6.075, 6.025],
			"rotation": {"angle": 29.75, "axis": "x", "origin": [6, 6.45, 7.425]},
			"faces": {
				"north": {"uv": [0, 0, 0, 0.125], "texture": "#1"},
				"east": {"uv": [10, 11, 10.125, 11.25], "texture": "#1"},
				"south": {"uv": [0, 0, 0, 0.125], "texture": "#1"},
				"west": {"uv": [12, 0, 12.25, 0.125], "texture": "#1"},
				"up": {"uv": [0, 0, 0, 0.125], "texture": "#1"},
				"down": {"uv": [0, 0, 0, 0.125], "texture": "#1"}
			}
		},
		{
			"from": [6.1, 6.325, 5.975],
			"to": [6.1, 6.6, 6.075],
			"rotation": {"angle": 29.75, "axis": "x", "origin": [6, 6.825, 7.575]},
			"faces": {
				"north": {"uv": [0, 0, 0, 0.125], "texture": "#1"},
				"east": {"uv": [10, 11, 10.125, 11.25], "texture": "#1"},
				"south": {"uv": [0, 0, 0, 0.125], "texture": "#1"},
				"west": {"uv": [10, 11, 10.125, 11.25], "texture": "#1"},
				"up": {"uv": [0, 0, 0, 0.125], "texture": "#1"},
				"down": {"uv": [0, 0, 0, 0.125], "texture": "#1"}
			}
		},
		{
			"from": [6.1, 4.925, 6.825],
			"to": [6.1, 5.475, 6.925],
			"rotation": {"angle": 29.75, "axis": "x", "origin": [6, 5.7, 8.425]},
			"faces": {
				"north": {"uv": [0, 0, 0, 0.5], "texture": "#1"},
				"east": {"uv": [0, 11, 0.125, 11.5], "texture": "#1"},
				"south": {"uv": [0, 0, 0, 0.5], "texture": "#1"},
				"west": {"uv": [0, 11, 0.125, 11.5], "texture": "#1"},
				"up": {"uv": [0, 0, 0, 0.125], "texture": "#1"},
				"down": {"uv": [0, 0, 0, 0.125], "texture": "#1"}
			}
		},
		{
			"from": [6.1, 6.55, 3.5],
			"to": [6.1, 7.125, 3.6],
			"rotation": {"angle": -31.5, "axis": "x", "origin": [6, 7.35, 5.1]},
			"faces": {
				"north": {"uv": [0, 0, 0, 0.5], "texture": "#1"},
				"east": {"uv": [10, 4, 10.125, 4.625], "texture": "#1"},
				"south": {"uv": [0, 0, 0, 0.5], "texture": "#1"},
				"west": {"uv": [10, 4, 10.125, 4.625], "texture": "#1"},
				"up": {"uv": [0, 0, 0, 0.125], "texture": "#1"},
				"down": {"uv": [0, 0, 0, 0.125], "texture": "#1"}
			}
		},
		{
			"from": [6.1, 6.575, 3.375],
			"to": [6.1, 7.15, 3.475],
			"rotation": {"angle": -31.5, "axis": "x", "origin": [6, 7.375, 4.975]},
			"faces": {
				"north": {"uv": [0, 0, 0, 0.5], "texture": "#1"},
				"east": {"uv": [10, 4, 10.125, 4.625], "texture": "#1"},
				"south": {"uv": [0, 0, 0, 0.5], "texture": "#1"},
				"west": {"uv": [10, 5, 10.125, 5.625], "texture": "#1"},
				"up": {"uv": [0, 0, 0, 0.125], "texture": "#1"},
				"down": {"uv": [0, 0, 0, 0.125], "texture": "#1"}
			}
		},
		{
			"from": [6.1, 5.025, 6.95],
			"to": [6.1, 5.5, 7.05],
			"rotation": {"angle": 29.75, "axis": "x", "origin": [6, 5.725, 8.55]},
			"faces": {
				"north": {"uv": [0, 0, 0, 0.5], "texture": "#1"},
				"east": {"uv": [2, 11, 2.125, 11.375], "texture": "#1"},
				"south": {"uv": [0, 0, 0, 0.5], "texture": "#1"},
				"west": {"uv": [2, 11, 2.125, 11.375], "texture": "#1"},
				"up": {"uv": [0, 0, 0, 0.125], "texture": "#1"},
				"down": {"uv": [0, 0, 0, 0.125], "texture": "#1"}
			}
		},
		{
			"from": [6.1, 5.85, 5.75],
			"to": [6.1, 6.125, 5.85],
			"rotation": {"angle": 29.75, "axis": "x", "origin": [6, 6.35, 7.35]},
			"faces": {
				"north": {"uv": [0, 0, 0, 0.125], "texture": "#1"},
				"east": {"uv": [10, 11, 10.125, 11.25], "texture": "#1"},
				"south": {"uv": [0, 0, 0, 0.125], "texture": "#1"},
				"west": {"uv": [11, 11, 11.125, 11.25], "texture": "#1"},
				"up": {"uv": [0, 0, 0, 0.125], "texture": "#1"},
				"down": {"uv": [0, 0, 0, 0.125], "texture": "#1"}
			}
		},
		{
			"from": [5.975, 4.025, 5.025],
			"to": [6.15, 4.25, 5.75],
			"rotation": {"angle": 0, "axis": "y", "origin": [5.875, 4.525, 6.75]},
			"faces": {
				"north": {"uv": [11, 6, 11.125, 6.25], "texture": "#1"},
				"east": {"uv": [5, 9, 5.75, 9.25], "texture": "#1"},
				"south": {"uv": [7, 11, 7.125, 11.25], "texture": "#1"},
				"west": {"uv": [5, 9, 5.75, 9.25], "texture": "#1"},
				"up": {"uv": [2.125, 10.75, 2, 10], "texture": "#1"},
				"down": {"uv": [10.125, 2, 10, 2.75], "texture": "#1"}
			}
		},
		{
			"from": [5.975, 3.8, 5.225],
			"to": [6.1, 4.025, 5.575],
			"rotation": {"angle": 0, "axis": "y", "origin": [5.875, 4.3, 6.75]},
			"faces": {
				"north": {"uv": [11, 7, 11.125, 7.25], "texture": "#1"},
				"east": {"uv": [10, 3, 10.375, 3.25], "texture": "#1"},
				"south": {"uv": [8, 11, 8.125, 11.25], "texture": "#1"},
				"west": {"uv": [10, 3, 10.375, 3.25], "texture": "#1"},
				"up": {"uv": [11.125, 0.375, 11, 0], "texture": "#1"},
				"down": {"uv": [1.125, 11, 1, 11.375], "texture": "#1"}
			}
		},
		{
			"from": [5.975, 5.175, 4.95],
			"to": [6.075, 5.4, 5.15],
			"rotation": {"angle": 0, "axis": "y", "origin": [5.875, 5.675, 6.55]},
			"faces": {
				"north": {"uv": [11, 4, 11.125, 4.25], "texture": "#1"},
				"east": {"uv": [10, 8, 10.25, 8.25], "texture": "#1"},
				"south": {"uv": [5, 11, 5.125, 11.25], "texture": "#1"},
				"west": {"uv": [10, 9, 10.25, 9.25], "texture": "#1"},
				"up": {"uv": [11.125, 5.25, 11, 5], "texture": "#1"},
				"down": {"uv": [6.125, 11, 6, 11.25], "texture": "#1"}
			}
		},
		{
			"from": [6, 10.675, 5.975],
			"to": [6.2, 11.175, 6.475],
			"rotation": {"angle": 45, "axis": "x", "origin": [6, 12.875, 7.925]},
			"faces": {
				"north": {"uv": [9.25, 7.5, 9, 7], "texture": "#1"},
				"east": {"uv": [9.25, 7.5, 9, 7], "texture": "#1"},
				"south": {"uv": [7, 9, 7.25, 9.5], "texture": "#1"},
				"west": {"uv": [8, 3, 8.5, 3.5], "texture": "#1"},
				"up": {"uv": [9.25, 7.5, 9, 7], "texture": "#1"},
				"down": {"uv": [8.25, 9, 8, 9.5], "texture": "#1"}
			}
		},
		{
			"from": [6, 5.65, 8.05],
			"to": [6.2, 6.5, 8.25],
			"rotation": {"x": -57.5, "y": 0, "z": 0, "origin": [6, 5, 7]},
			"faces": {
				"north": {"uv": [8, 8, 8.25, 8.875], "texture": "#1"},
				"east": {"uv": [8, 8, 8.25, 8.875], "texture": "#1"},
				"south": {"uv": [8, 8, 8.25, 8.875], "texture": "#1"},
				"west": {"uv": [8, 8, 8.25, 8.875], "texture": "#1"},
				"up": {"uv": [6.25, 10.25, 6, 10], "texture": "#1"},
				"down": {"uv": [10.25, 6, 10, 6.25], "texture": "#1"}
			}
		},
		{
			"from": [6.04, 3.9, 5.37],
			"to": [6.24, 4.75, 5.57],
			"rotation": {"x": -122.52502, "y": -0.70428, "z": 0.67449, "origin": [6, 5.1, 4.2]},
			"faces": {
				"north": {"uv": [3, 9, 3.25, 9.875], "texture": "#1"},
				"east": {"uv": [3, 9, 3.25, 9.875], "texture": "#1"},
				"south": {"uv": [3, 9, 3.25, 9.875], "texture": "#1"},
				"west": {"uv": [3, 9, 3.25, 9.875], "texture": "#1"},
				"up": {"uv": [7.25, 10.25, 7, 10], "texture": "#1"},
				"down": {"uv": [10.25, 7, 10, 7.25], "texture": "#1"}
			}
		},
		{
			"from": [6.1, 8.55, 4.9],
			"to": [6.3, 9.15, 5.8],
			"rotation": {"x": 0, "y": 0, "z": -90, "origin": [6, 8.75, 5]},
			"faces": {
				"north": {"uv": [9, 5, 9.25, 5.625], "texture": "#1"},
				"east": {"uv": [4.25, 8.875, 4, 8], "texture": "#1"},
				"south": {"uv": [6, 9, 6.25, 9.625], "texture": "#1"},
				"west": {"uv": [1, 7, 1.875, 7.625], "texture": "#1"},
				"up": {"uv": [4.25, 8.875, 4, 8], "texture": "#1"},
				"down": {"uv": [8.25, 4, 8, 4.875], "texture": "#1"}
			}
		}
	],
	"display": {
		"thirdperson_righthand": {
			"rotation": [7, -180, -7],
			"translation": [-5.25, 5, -2.5],
			"scale": [2.5, 2.5, 2.5]
		},
		"thirdperson_lefthand": {
			"rotation": [0, -180, 0],
			"translation": [5.25, 4.5, -3.25],
			"scale": [2.5, 2.5, 2.5]
		},
		"firstperson_righthand": {
			"rotation": [-180, 32, -180],
			"translation": [-0.5, 4.5, 0.5]
		},
		"firstperson_lefthand": {
			"rotation": [-172.7, 16.91, 178.48],
			"translation": [3.25, 3.75, 0]
		},
		"ground": {
			"rotation": [74.03, 85.93, -72.34],
			"translation": [2, 1.75, 2]
		},
		"gui": {
			"rotation": [90, 44, -87],
			"translation": [3.5, -4.5, 0],
			"scale": [1.87109, 1.87109, 1.87109]
		},
		"fixed": {
			"rotation": [89.55, -34.13, 85.76],
			"translation": [-2.25, -4.25, 2],
			"scale": [1.75, 1.75, 1.75]
		}
	},
	"groups": [
		0,
		1,
		2,
		3,
		4,
		5,
		6,
		7,
		8,
		9,
		10,
		11,
		12,
		13,
		14,
		15,
		16,
		17,
		18,
		19,
		20,
		21,
		22,
		23,
		24,
		25,
		26,
		{
			"name": "group",
			"origin": [6, 11.3, 8],
			"color": 0,
			"children": []
		}
	]
}
