{
	"format_version": "1.21.4",
	"credit": "Made with Blockbench",
	"texture_size": [32, 32],
	"textures": {
		"0": "herramientas:item/hacha",
		"particle": "herramientas:item/hacha"
	},
	"elements": [
		{
			"from": [7.625, 2, 4],
			"to": [8.125, 4, 6],
			"rotation": {"x": 45.36398, "y": 1.13375, "z": 0.61345, "origin": [7.525, 2, 4]},
			"faces": {
				"north": {"uv": [1.5, 6.5, 1.75, 7.5], "texture": "#0"},
				"east": {"uv": [3.5, 0, 4.5, 1], "texture": "#0"},
				"south": {"uv": [2, 6.5, 2.25, 7.5], "texture": "#0"},
				"west": {"uv": [3.5, 1, 4.5, 2], "texture": "#0"},
				"up": {"uv": [2.75, 7.5, 2.5, 6.5], "texture": "#0"},
				"down": {"uv": [6.75, 2.5, 6.5, 3.5], "texture": "#0"}
			}
		},
		{
			"from": [7.5, 14.05, -1.075],
			"to": [7.925, 16.05, 0.925],
			"rotation": {"x": 45.36398, "y": 1.13375, "z": 0.61345, "origin": [7.4, 14.05, -1.075]},
			"faces": {
				"north": {"uv": [6, 6.5, 6.25, 7.5], "texture": "#0"},
				"east": {"uv": [3.5, 2, 4.5, 3], "texture": "#0"},
				"south": {"uv": [6.5, 6, 6.75, 7], "texture": "#0"},
				"west": {"uv": [4, 5, 5, 6], "texture": "#0"},
				"up": {"uv": [7.25, 3.5, 7, 2.5], "texture": "#0"},
				"down": {"uv": [7.25, 3.5, 7, 4.5], "texture": "#0"}
			}
		},
		{
			"from": [7.675, 11.775, 5.825],
			"to": [8.175, 14.95, 10.075],
			"rotation": {"x": 0, "y": 1.13375, "z": 0.61345, "origin": [7.575, 9.575, 5.825]},
			"faces": {
				"north": {"uv": [4, 6, 4.25, 7.625], "texture": "#0"},
				"east": {"uv": [0, 3, 2.125, 4.625], "texture": "#0"},
				"south": {"uv": [4.5, 6, 4.75, 7.625], "texture": "#0"},
				"west": {"uv": [2.5, 3, 4.625, 4.625], "texture": "#0"},
				"up": {"uv": [4.75, 2.125, 4.5, 0], "texture": "#0"},
				"down": {"uv": [6.25, 2.5, 6, 4.625], "texture": "#0"}
			}
		},
		{
			"from": [7.575, 13.275, 0.75],
			"to": [8.075, 14.95, 5],
			"rotation": {"x": 0, "y": 1.13375, "z": 0.61345, "origin": [7.475, 9.575, 0.75]},
			"faces": {
				"north": {"uv": [7.5, 4, 7.75, 4.875], "texture": "#0"},
				"east": {"uv": [1.5, 5, 3.625, 5.875], "texture": "#0"},
				"south": {"uv": [5, 7.5, 5.25, 8.375], "texture": "#0"},
				"west": {"uv": [5.5, 0, 7.625, 0.875], "texture": "#0"},
				"up": {"uv": [3.25, 8.125, 3, 6], "texture": "#0"},
				"down": {"uv": [3.75, 6, 3.5, 8.125], "texture": "#0"}
			}
		},
		{
			"from": [7.625, 16.95, 5.15],
			"to": [8.1, 19.9, 11.875],
			"rotation": {"x": 90, "y": 1.13375, "z": 0.61345, "origin": [7.55, 14.525, 5.15]},
			"faces": {
				"north": {"uv": [5, 6, 5.25, 7.5], "texture": "#0"},
				"east": {"uv": [0, 0, 3.375, 1.5], "texture": "#0"},
				"south": {"uv": [6, 5, 6.25, 6.5], "texture": "#0"},
				"west": {"uv": [0, 1.5, 3.375, 3], "texture": "#0"},
				"up": {"uv": [5.75, 4.375, 5.5, 1], "texture": "#0"},
				"down": {"uv": [5.75, 4.5, 5.5, 7.875], "texture": "#0"}
			}
		},
		{
			"from": [7.75, 10.475, 7.3],
			"to": [8.25, 10.825, 7.75],
			"rotation": {"x": 90, "y": 1.13375, "z": 0.61345, "origin": [7.8, 7.825, 7.3]},
			"faces": {
				"north": {"uv": [5, 8.5, 5.25, 8.625], "texture": "#0"},
				"east": {"uv": [5.5, 8.5, 5.75, 8.625], "texture": "#0"},
				"south": {"uv": [6, 8.5, 6.25, 8.625], "texture": "#0"},
				"west": {"uv": [6.5, 8.5, 6.75, 8.625], "texture": "#0"},
				"up": {"uv": [3.25, 8.75, 3, 8.5], "texture": "#0"},
				"down": {"uv": [3.75, 8.5, 3.5, 8.75], "texture": "#0"}
			}
		},
		{
			"from": [7.75, 10.475, 6.975],
			"to": [8.25, 10.825, 7.8],
			"rotation": {"x": 90, "y": 1.13375, "z": 0.61345, "origin": [7.8, 7.825, 6.975]},
			"faces": {
				"north": {"uv": [7, 8.5, 7.25, 8.625], "texture": "#0"},
				"east": {"uv": [4, 8.5, 4.375, 8.625], "texture": "#0"},
				"south": {"uv": [7.5, 8.5, 7.75, 8.625], "texture": "#0"},
				"west": {"uv": [4.5, 8.5, 4.875, 8.625], "texture": "#0"},
				"up": {"uv": [5.75, 8.375, 5.5, 8], "texture": "#0"},
				"down": {"uv": [6.75, 8, 6.5, 8.375], "texture": "#0"}
			}
		},
		{
			"from": [7.75, 10.475, 6.625],
			"to": [8.25, 10.825, 7.825],
			"rotation": {"x": 90, "y": 1.13375, "z": 0.61345, "origin": [7.8, 7.825, 6.625]},
			"faces": {
				"north": {"uv": [8.5, 7.5, 8.75, 7.625], "texture": "#0"},
				"east": {"uv": [8, 6.5, 8.625, 6.625], "texture": "#0"},
				"south": {"uv": [8, 8.5, 8.25, 8.625], "texture": "#0"},
				"west": {"uv": [8, 7, 8.625, 7.125], "texture": "#0"},
				"up": {"uv": [7.75, 6.625, 7.5, 6], "texture": "#0"},
				"down": {"uv": [7.25, 7.5, 7, 8.125], "texture": "#0"}
			}
		},
		{
			"from": [7.75, 10.475, 6.275],
			"to": [8.25, 10.825, 7.925],
			"rotation": {"x": 90, "y": 1.13375, "z": 0.61345, "origin": [7.8, 7.825, 6.275]},
			"faces": {
				"north": {"uv": [8.5, 8, 8.75, 8.125], "texture": "#0"},
				"east": {"uv": [8, 5.5, 8.875, 5.625], "texture": "#0"},
				"south": {"uv": [8.5, 8.5, 8.75, 8.625], "texture": "#0"},
				"west": {"uv": [8, 6, 8.875, 6.125], "texture": "#0"},
				"up": {"uv": [7.75, 5.875, 7.5, 5], "texture": "#0"},
				"down": {"uv": [6.25, 7.5, 6, 8.375], "texture": "#0"}
			}
		},
		{
			"from": [7.75, 10.475, 5.225],
			"to": [8.25, 10.825, 7.225],
			"rotation": {"x": 90, "y": 1.13375, "z": 0.61345, "origin": [7.8, 7.825, 5.225]},
			"faces": {
				"north": {"uv": [9, 2.5, 9.25, 2.625], "texture": "#0"},
				"east": {"uv": [8, 4.5, 9, 4.625], "texture": "#0"},
				"south": {"uv": [3, 9, 3.25, 9.125], "texture": "#0"},
				"west": {"uv": [8, 5, 9, 5.125], "texture": "#0"},
				"up": {"uv": [2.75, 8.5, 2.5, 7.5], "texture": "#0"},
				"down": {"uv": [7.75, 3, 7.5, 4], "texture": "#0"}
			}
		},
		{
			"from": [7.95, 11.7, 4.575],
			"to": [7.95, 12.5, 5.425],
			"rotation": {"x": 90, "y": 1.13375, "z": 0.61345, "origin": [7.5, 9.5, 4.575]},
			"faces": {
				"north": {"uv": [0, 0, 0, 0.375], "texture": "#0"},
				"east": {"uv": [7.5, 7, 7.875, 7.375], "texture": "#0"},
				"south": {"uv": [0, 0, 0, 0.375], "texture": "#0"},
				"west": {"uv": [7.5, 7.5, 7.875, 7.875], "texture": "#0"},
				"up": {"uv": [0, 0.375, 0, 0], "texture": "#0"},
				"down": {"uv": [0, 0, 0, 0.375], "texture": "#0"}
			}
		},
		{
			"from": [7.95, 11.275, 4.575],
			"to": [7.95, 11.65, 4.85],
			"rotation": {"x": 90, "y": 1.13375, "z": 0.61345, "origin": [7.5, 8.65, 4.575]},
			"faces": {
				"north": {"uv": [0, 0, 0, 0.25], "texture": "#0"},
				"east": {"uv": [9, 3, 9.125, 3.25], "texture": "#0"},
				"south": {"uv": [0, 0, 0, 0.25], "texture": "#0"},
				"west": {"uv": [3.5, 9, 3.625, 9.25], "texture": "#0"},
				"up": {"uv": [0, 0.125, 0, 0], "texture": "#0"},
				"down": {"uv": [0, 0, 0, 0.125], "texture": "#0"}
			}
		},
		{
			"from": [7.95, 11.225, 4.575],
			"to": [7.95, 11.375, 4.925],
			"rotation": {"x": 90, "y": 1.13375, "z": 0.61345, "origin": [7.5, 8.375, 4.575]},
			"faces": {
				"north": {"uv": [0, 0, 0, 0.125], "texture": "#0"},
				"east": {"uv": [9, 3.5, 9.125, 3.625], "texture": "#0"},
				"south": {"uv": [0, 0, 0, 0.125], "texture": "#0"},
				"west": {"uv": [4, 9, 4.125, 9.125], "texture": "#0"},
				"up": {"uv": [0, 0.125, 0, 0], "texture": "#0"},
				"down": {"uv": [0, 0, 0, 0.125], "texture": "#0"}
			}
		},
		{
			"from": [7.75, 10.475, 5.925],
			"to": [8.25, 10.825, 7.925],
			"rotation": {"x": 90, "y": 1.13375, "z": 0.61345, "origin": [7.8, 7.825, 5.925]},
			"faces": {
				"north": {"uv": [9, 2, 9.25, 2.125], "texture": "#0"},
				"east": {"uv": [4, 8, 5, 8.125], "texture": "#0"},
				"south": {"uv": [2.5, 9, 2.75, 9.125], "texture": "#0"},
				"west": {"uv": [8, 4, 9, 4.125], "texture": "#0"},
				"up": {"uv": [2.25, 8.5, 2, 7.5], "texture": "#0"},
				"down": {"uv": [7.75, 2, 7.5, 3], "texture": "#0"}
			}
		},
		{
			"from": [7.75, 10.475, 5.575],
			"to": [8.25, 10.825, 7.575],
			"rotation": {"x": 90, "y": 1.13375, "z": 0.61345, "origin": [7.8, 7.825, 5.575]},
			"faces": {
				"north": {"uv": [9, 1.5, 9.25, 1.625], "texture": "#0"},
				"east": {"uv": [8, 3, 9, 3.125], "texture": "#0"},
				"south": {"uv": [2, 9, 2.25, 9.125], "texture": "#0"},
				"west": {"uv": [8, 3.5, 9, 3.625], "texture": "#0"},
				"up": {"uv": [7.75, 2, 7.5, 1], "texture": "#0"},
				"down": {"uv": [1.75, 7.5, 1.5, 8.5], "texture": "#0"}
			}
		},
		{
			"from": [7.525, 3, 5],
			"to": [8.225, 14.95, 5.8],
			"rotation": {"angle": 0, "axis": "y", "origin": [7.525, 3, 5]},
			"faces": {
				"north": {"uv": [5, 0, 5.375, 6], "texture": "#0"},
				"east": {"uv": [5, 0, 5.375, 6], "texture": "#0"},
				"south": {"uv": [5, 0, 5.375, 6], "texture": "#0"},
				"west": {"uv": [1, 5, 1.375, 11], "texture": "#0"},
				"up": {"uv": [8.375, 0.375, 8, 0], "texture": "#0"},
				"down": {"uv": [8.375, 0.5, 8, 0.875], "texture": "#0"}
			}
		},
		{
			"from": [5.525, 6.1, 4.9],
			"to": [7.825, 7.1, 5.9],
			"rotation": {"x": 0, "y": 0, "z": -90, "origin": [7.525, 6.3, 5]},
			"faces": {
				"north": {"uv": [7.125, 2, 6, 2.5], "texture": "#0"},
				"east": {"uv": [8.625, 0, 8.5, 0.5], "texture": "#0"},
				"south": {"uv": [7.125, 2, 6, 2.5], "texture": "#0"},
				"west": {"uv": [8.625, 0, 8.5, 0.5], "texture": "#0"},
				"up": {"uv": [7.125, 2, 6, 2.5], "texture": "#0"},
				"down": {"uv": [7.125, 2, 6, 2.5], "texture": "#0"}
			}
		},
		{
			"from": [7.525, 3.1, 4.9],
			"to": [7.825, 4.1, 5.9],
			"rotation": {"x": 0, "y": 0, "z": -90, "origin": [7.525, 3.3, 5]},
			"faces": {
				"north": {"uv": [8.5, 0.5, 8.625, 1], "texture": "#0"},
				"east": {"uv": [8.625, 0, 8.5, 0.5], "texture": "#0"},
				"south": {"uv": [8.625, 0, 8.5, 0.5], "texture": "#0"},
				"west": {"uv": [8.625, 0, 8.5, 0.5], "texture": "#0"},
				"up": {"uv": [8.625, 0, 8.5, 0.5], "texture": "#0"},
				"down": {"uv": [8.625, 0, 8.5, 0.5], "texture": "#0"}
			}
		},
		{
			"from": [7.525, 3.775, 4.9],
			"to": [7.825, 4.775, 5.9],
			"rotation": {"x": 0, "y": 0, "z": -90, "origin": [7.525, 3.975, 5]},
			"faces": {
				"north": {"uv": [7.5, 8, 7.625, 8.5], "texture": "#0"},
				"east": {"uv": [8.625, 0, 8.5, 0.5], "texture": "#0"},
				"south": {"uv": [8.625, 0, 8.5, 0.5], "texture": "#0"},
				"west": {"uv": [8.625, 0, 8.5, 0.5], "texture": "#0"},
				"up": {"uv": [8.625, 0, 8.5, 0.5], "texture": "#0"},
				"down": {"uv": [8.625, 0, 8.5, 0.5], "texture": "#0"}
			}
		}
	],
	"display": {
		"thirdperson_righthand": {
			"rotation": [8, 176, -7],
			"translation": [-0.75, 4.5, -0.5],
			"scale": [1.17383, 1.17383, 1.17383]
		},
		"thirdperson_lefthand": {
			"rotation": [2.5, -180, 0],
			"translation": [0.25, 4, -0.5],
			"scale": [1.17383, 1.17383, 1.17383]
		},
		"firstperson_righthand": {
			"rotation": [-180, 32, -180],
			"translation": [0.75, 4.25, 1]
		},
		"firstperson_lefthand": {
			"rotation": [-172.79, 14.64, 178.78],
			"translation": [1, 4.5, 0]
		},
		"ground": {
			"rotation": [-77, 86, -15],
			"translation": [1.75, -4.25, 2.25]
		},
		"gui": {
			"rotation": [99.78, 60.91, -98.57],
			"translation": [2, -2.25, 0]
		},
		"fixed": {
			"rotation": [86.75, -60.63, 85.37],
			"translation": [-0.75, -2.25, -0.25],
			"scale": [0.98, 1, 1]
		}
	},
	"groups": [
		0,
		1,
		2,
		3,
		4,
		5,
		6,
		7,
		8,
		9,
		10,
		11,
		12,
		13,
		14,
		15,
		16,
		17,
		{
			"name": "group",
			"origin": [6, 11.3, 8],
			"color": 0,
			"children": [18]
		}
	]
}
