{
	"format_version": "1.21.4",
	"credit": "Made with Blockbench",
	"texture_size": [32, 32],
	"textures": {
		"0": "herramientas:item/pala",
		"particle": "herramientas:item/pala"
	},
	"elements": [
		{
			"from": [6.1, 2, 4],
			"to": [6.6, 4, 6],
			"rotation": {"x": 45.36398, "y": 1.13375, "z": 0.61345, "origin": [6, 2, 4]},
			"faces": {
				"north": {"uv": [2, 3, 3, 4], "texture": "#0"},
				"east": {"uv": [2, 3, 3, 4], "texture": "#0"},
				"south": {"uv": [2, 3, 3, 4], "texture": "#0"},
				"west": {"uv": [2, 3, 3, 4], "texture": "#0"},
				"up": {"uv": [2, 3, 3, 4], "texture": "#0"},
				"down": {"uv": [2, 3, 3, 4], "texture": "#0"}
			}
		},
		{
			"from": [5.5, 12, 4.5],
			"to": [7.1, 13.5, 6],
			"rotation": {"x": 45.36398, "y": 1.13375, "z": 0.61345, "origin": [5, 12, 4]},
			"faces": {
				"north": {"uv": [4, 1, 4.75, 1.75], "texture": "#0"},
				"east": {"uv": [4, 1, 4.75, 1.75], "texture": "#0"},
				"south": {"uv": [4, 1, 4.75, 1.75], "texture": "#0"},
				"west": {"uv": [4, 1, 4.75, 1.75], "texture": "#0"},
				"up": {"uv": [4, 1, 4.75, 1.75], "texture": "#0"},
				"down": {"uv": [4, 1, 4.75, 1.75], "texture": "#0"}
			}
		},
		{
			"from": [6, 3, 5],
			"to": [6.7, 15, 5.8],
			"rotation": {"angle": 0, "axis": "y", "origin": [6, 3, 5]},
			"faces": {
				"north": {"uv": [1.5, 2, 1.875, 8], "texture": "#0"},
				"east": {"uv": [1.5, 2, 1.875, 8], "texture": "#0"},
				"south": {"uv": [1.5, 2, 1.875, 8], "texture": "#0"},
				"west": {"uv": [1.5, 2, 1.875, 8], "texture": "#0"},
				"up": {"uv": [7.375, 4.875, 7, 4.5], "texture": "#0"},
				"down": {"uv": [5.375, 7, 5, 7.375], "texture": "#0"}
			}
		},
		{
			"from": [6.1, 13, 3.9],
			"to": [6.6, 16.7, 6.9],
			"rotation": {"angle": 0, "axis": "y", "origin": [6, 3, 5]},
			"faces": {
				"north": {"uv": [1.5, 0, 3, 1.875], "texture": "#0"},
				"east": {"uv": [1.5, 0, 3, 1.875], "texture": "#0"},
				"south": {"uv": [1.5, 0, 3, 1.875], "texture": "#0"},
				"west": {"uv": [1.5, 0, 3, 1.875], "texture": "#0"},
				"up": {"uv": [1.5, 0, 3, 1.875], "texture": "#0"},
				"down": {"uv": [5.25, 0, 5, 1.5], "texture": "#0"}
			}
		},
		{
			"from": [6.1, 20, -5.1],
			"to": [6.3, 23.7, -4.8],
			"rotation": {"x": 90, "y": 0, "z": 0, "origin": [6, 11, -4]},
			"faces": {
				"north": {"uv": [2.5, 5.5, 2.625, 7.375], "texture": "#0"},
				"east": {"uv": [4.5, 5.5, 4.625, 7.375], "texture": "#0"},
				"south": {"uv": [7.5, 5.5, 7.625, 6], "texture": "#0"},
				"west": {"uv": [4.5, 5.5, 4.625, 7.375], "texture": "#0"},
				"up": {"uv": [0.125, 8.125, 0, 8], "texture": "#0"},
				"down": {"uv": [8.125, 0, 8, 0.125], "texture": "#0"}
			}
		},
		{
			"from": [6.1, 20.3, -8.1],
			"to": [6.3, 23.7, -7.8],
			"rotation": {"x": 90, "y": 0, "z": 0, "origin": [6, 11, -7]},
			"faces": {
				"north": {"uv": [5.5, 5, 5.625, 6.75], "texture": "#0"},
				"east": {"uv": [3.5, 6, 3.625, 7.75], "texture": "#0"},
				"south": {"uv": [7.5, 5.5, 7.625, 6], "texture": "#0"},
				"west": {"uv": [3.5, 6, 3.625, 7.75], "texture": "#0"},
				"up": {"uv": [8.125, 2.125, 8, 2], "texture": "#0"},
				"down": {"uv": [2.625, 8, 2.5, 8.125], "texture": "#0"}
			}
		},
		{
			"from": [6.1, 20.7, -4.8],
			"to": [6.3, 23.4, -4.5],
			"rotation": {"x": 90, "y": 0, "z": 0, "origin": [6, 11, -4]},
			"faces": {
				"north": {"uv": [6.5, 2, 6.625, 3.375], "texture": "#0"},
				"east": {"uv": [4.5, 5.5, 4.625, 7.375], "texture": "#0"},
				"south": {"uv": [7.5, 5.5, 7.625, 6], "texture": "#0"},
				"west": {"uv": [6.5, 6.5, 6.625, 7.875], "texture": "#0"},
				"up": {"uv": [0.625, 8.125, 0.5, 8], "texture": "#0"},
				"down": {"uv": [8.125, 0.5, 8, 0.625], "texture": "#0"}
			}
		},
		{
			"from": [6.1, 20.7, -7.8],
			"to": [6.3, 23.4, -7.5],
			"rotation": {"x": 90, "y": 0, "z": 0, "origin": [6, 11, -7]},
			"faces": {
				"north": {"uv": [7, 0, 7.125, 1.375], "texture": "#0"},
				"east": {"uv": [3.5, 6, 3.625, 7.75], "texture": "#0"},
				"south": {"uv": [7.5, 5.5, 7.625, 6], "texture": "#0"},
				"west": {"uv": [4, 7, 4.125, 8.375], "texture": "#0"},
				"up": {"uv": [8.125, 2.625, 8, 2.5], "texture": "#0"},
				"down": {"uv": [3.125, 8, 3, 8.125], "texture": "#0"}
			}
		},
		{
			"from": [6.1, 10.2, 6.1],
			"to": [6.3, 11.5, 6.4],
			"rotation": {"angle": 0, "axis": "y", "origin": [6, 11, 7]},
			"faces": {
				"north": {"uv": [7, 5, 7.125, 5.625], "texture": "#0"},
				"east": {"uv": [7.5, 5.5, 7.625, 6], "texture": "#0"},
				"south": {"uv": [7.5, 5.5, 7.625, 6], "texture": "#0"},
				"west": {"uv": [7, 6, 7.125, 6.625], "texture": "#0"},
				"up": {"uv": [1.125, 8.125, 1, 8], "texture": "#0"},
				"down": {"uv": [8.125, 1, 8, 1.125], "texture": "#0"}
			}
		},
		{
			"from": [6.1, 10.2, 4.4],
			"to": [6.3, 11.5, 4.7],
			"rotation": {"angle": 0, "axis": "y", "origin": [6, 11, 5]},
			"faces": {
				"north": {"uv": [7, 7, 7.125, 7.625], "texture": "#0"},
				"east": {"uv": [7.5, 7.5, 7.625, 8], "texture": "#0"},
				"south": {"uv": [7.5, 1, 7.625, 1.625], "texture": "#0"},
				"west": {"uv": [2, 7.5, 2.125, 8.125], "texture": "#0"},
				"up": {"uv": [8.125, 3.625, 8, 3.5], "texture": "#0"},
				"down": {"uv": [8.125, 4, 8, 4.125], "texture": "#0"}
			}
		},
		{
			"from": [6.1, 10.5, 6.4],
			"to": [6.3, 11.5, 6.7],
			"rotation": {"angle": 0, "axis": "y", "origin": [6, 11, 8]},
			"faces": {
				"north": {"uv": [7.5, 4.5, 7.625, 5], "texture": "#0"},
				"east": {"uv": [7.5, 5.5, 7.625, 6], "texture": "#0"},
				"south": {"uv": [7.5, 5.5, 7.625, 6], "texture": "#0"},
				"west": {"uv": [7.5, 5.5, 7.625, 6], "texture": "#0"},
				"up": {"uv": [1.625, 8.125, 1.5, 8], "texture": "#0"},
				"down": {"uv": [8.125, 1.5, 8, 1.625], "texture": "#0"}
			}
		},
		{
			"from": [6.1, 10.5, 4.1],
			"to": [6.3, 11.5, 4.4],
			"rotation": {"angle": 0, "axis": "y", "origin": [6, 11, 5]},
			"faces": {
				"north": {"uv": [7.5, 5.5, 7.625, 6], "texture": "#0"},
				"east": {"uv": [7.5, 7.5, 7.625, 8], "texture": "#0"},
				"south": {"uv": [7.5, 7, 7.625, 7.5], "texture": "#0"},
				"west": {"uv": [7.5, 7.5, 7.625, 8], "texture": "#0"},
				"up": {"uv": [8.125, 3.125, 8, 3], "texture": "#0"},
				"down": {"uv": [3.625, 8, 3.5, 8.125], "texture": "#0"}
			}
		},
		{
			"from": [6.225, 16, 4.2],
			"to": [6.575, 18.1, 6.3],
			"rotation": {"angle": 45, "axis": "x", "origin": [6, 16.7, 4.9]},
			"faces": {
				"north": {"uv": [5, 3, 5.25, 4], "texture": "#0"},
				"east": {"uv": [3, 0, 4, 1], "texture": "#0"},
				"south": {"uv": [3.5, 5, 3.75, 6], "texture": "#0"},
				"west": {"uv": [3, 0, 4, 1], "texture": "#0"},
				"up": {"uv": [5.25, 5, 5, 4], "texture": "#0"},
				"down": {"uv": [5.25, 5, 5, 6], "texture": "#0"}
			}
		},
		{
			"from": [4, 6.1, 4.9],
			"to": [6.3, 7.1, 5.9],
			"rotation": {"x": 0, "y": 0, "z": -90, "origin": [6, 6.3, 5]},
			"faces": {
				"north": {"uv": [4.125, 3.5, 3, 4], "texture": "#0"},
				"east": {"uv": [4.125, 3.5, 3, 4], "texture": "#0"},
				"south": {"uv": [4.125, 3.5, 3, 4], "texture": "#0"},
				"west": {"uv": [4.125, 3.5, 3, 4], "texture": "#0"},
				"up": {"uv": [4.125, 3.5, 3, 4], "texture": "#0"},
				"down": {"uv": [4.125, 3.5, 3, 4], "texture": "#0"}
			}
		},
		{
			"from": [6, 3.1, 4.9],
			"to": [6.3, 4.1, 5.9],
			"rotation": {"x": 0, "y": 0, "z": -90, "origin": [6, 3.3, 5]},
			"faces": {
				"north": {"uv": [3.125, 7.5, 3, 8], "texture": "#0"},
				"east": {"uv": [3.125, 7.5, 3, 8], "texture": "#0"},
				"south": {"uv": [7.5, 3.5, 7.625, 4], "texture": "#0"},
				"west": {"uv": [3.125, 7.5, 3, 8], "texture": "#0"},
				"up": {"uv": [3.125, 7.5, 3, 8], "texture": "#0"},
				"down": {"uv": [3.125, 7.5, 3, 8], "texture": "#0"}
			}
		},
		{
			"from": [6, 4.1, 4.9],
			"to": [6.3, 5.1, 5.9],
			"rotation": {"x": 0, "y": 0, "z": -90, "origin": [6, 4.3, 5]},
			"faces": {
				"north": {"uv": [3.125, 7.5, 3, 8], "texture": "#0"},
				"east": {"uv": [3.125, 7.5, 3, 8], "texture": "#0"},
				"south": {"uv": [3.125, 7.5, 3, 8], "texture": "#0"},
				"west": {"uv": [3.125, 7.5, 3, 8], "texture": "#0"},
				"up": {"uv": [3.125, 7.5, 3, 8], "texture": "#0"},
				"down": {"uv": [3.125, 7.5, 3, 8], "texture": "#0"}
			}
		}
	],
	"display": {
		"thirdperson_righthand": {
			"rotation": [-172.07, -1.29, 175.26],
			"translation": [-2.25, 3.25, -0.5],
			"scale": [1.29, 1.29, 1.29]
		},
		"thirdperson_lefthand": {
			"rotation": [0, -180, 0],
			"translation": [2.5, 3, 0],
			"scale": [1.29, 1.29, 1.29]
		},
		"firstperson_righthand": {
			"rotation": [-180, 19, -180],
			"translation": [-0.5, 2.75, -0.25]
		},
		"firstperson_lefthand": {
			"rotation": [-172.89, 11.46, 179.17],
			"translation": [1.5, 2.75, 0]
		},
		"ground": {
			"rotation": [-77, 86, -15],
			"translation": [1.75, -4.25, 2.25]
		},
		"gui": {
			"rotation": [75.45, 42.09, -80.15],
			"translation": [0.5, -2.5, 0]
		},
		"fixed": {
			"rotation": [89.48, -42.38, 85.69],
			"translation": [-0.75, -2.75, 2],
			"scale": [0.98, 1, 1]
		}
	},
	"groups": [
		0,
		1,
		2,
		3,
		4,
		5,
		6,
		7,
		8,
		9,
		10,
		11,
		12,
		13,
		14,
		{
			"name": "group",
			"origin": [6, 11.3, 8],
			"color": 0,
			"children": [15]
		}
	]
}
