{
	"format_version": "1.21.4",
	"credit": "Made with Blockbench",
	"textures": {
		"0": "herramientas:item/pico",
		"particle": "herramientas:item/pico"
	},
	"elements": [
		{
			"from": [6.1, 2, 4],
			"to": [6.6, 4, 6],
			"rotation": {"x": 45.36398, "y": 1.13375, "z": 0.61345, "origin": [6, 2, 4]},
			"faces": {
				"north": {"uv": [10, 6, 10.5, 8], "texture": "#0"},
				"east": {"uv": [6, 0, 8, 2], "texture": "#0"},
				"south": {"uv": [6, 11, 6.5, 13], "texture": "#0"},
				"west": {"uv": [6, 2, 8, 4], "texture": "#0"},
				"up": {"uv": [7.5, 13, 7, 11], "texture": "#0"},
				"down": {"uv": [11.5, 8, 11, 10], "texture": "#0"}
			}
		},
		{
			"from": [6, 4, 2.5],
			"to": [6.3, 8, 3.3],
			"rotation": {"angle": 37.5, "axis": "x", "origin": [6, 4, 3]},
			"faces": {
				"north": {"uv": [8, 0, 8.75, 4], "texture": "#0"},
				"east": {"uv": [8, 0, 8.75, 4], "texture": "#0"},
				"south": {"uv": [8, 0, 8.75, 4], "texture": "#0"},
				"west": {"uv": [8, 4, 8.75, 8], "texture": "#0"},
				"up": {"uv": [14.25, 7.75, 14, 7], "texture": "#0"},
				"down": {"uv": [8.25, 14, 8, 14.75], "texture": "#0"}
			}
		},
		{
			"from": [6.2, 13.7, 1.5],
			"to": [6.2, 17.2, 1.9],
			"rotation": {"x": 90, "y": 0, "z": 0, "origin": [6, 13.5, 2]},
			"faces": {
				"north": {"uv": [0, 0, 0, 3.5], "texture": "#0"},
				"east": {"uv": [9, 3, 9.5, 6.5], "texture": "#0"},
				"south": {"uv": [0, 0, 0, 3.5], "texture": "#0"},
				"west": {"uv": [8, 9, 8.5, 12.5], "texture": "#0"},
				"up": {"uv": [0, 0.5, 0, 0], "texture": "#0"},
				"down": {"uv": [0, 0, 0, 0.5], "texture": "#0"}
			}
		},
		{
			"from": [6.2, 13.1, 5.5],
			"to": [6.2, 13.6, 6],
			"rotation": {"x": 90, "y": 0, "z": 0, "origin": [6, 13.1, 6]},
			"faces": {
				"north": {"uv": [0, 0, 0, 0.5], "texture": "#0"},
				"east": {"uv": [14, 4, 14.5, 4.5], "texture": "#0"},
				"south": {"uv": [0, 0, 0, 0.5], "texture": "#0"},
				"west": {"uv": [5, 14, 5.5, 14.5], "texture": "#0"},
				"up": {"uv": [0, 0.5, 0, 0], "texture": "#0"},
				"down": {"uv": [0, 0, 0, 0.5], "texture": "#0"}
			}
		},
		{
			"from": [6.2, 12.5, 7.5],
			"to": [6.2, 13.1, 8],
			"rotation": {"x": 90, "y": 0, "z": 0, "origin": [6, 13.1, 8]},
			"faces": {
				"north": {"uv": [0, 0, 0, 0.5], "texture": "#0"},
				"east": {"uv": [14, 6, 14.5, 6.5], "texture": "#0"},
				"south": {"uv": [0, 0, 0, 0.5], "texture": "#0"},
				"west": {"uv": [7, 14, 7.5, 14.5], "texture": "#0"},
				"up": {"uv": [0, 0.5, 0, 0], "texture": "#0"},
				"down": {"uv": [0, 0, 0, 0.5], "texture": "#0"}
			}
		},
		{
			"from": [6.2, 14.8, 5.5],
			"to": [6.2, 15.3, 6],
			"rotation": {"x": 90, "y": 0, "z": 0, "origin": [6, 14.9, 6]},
			"faces": {
				"north": {"uv": [0, 0, 0, 0.5], "texture": "#0"},
				"east": {"uv": [14, 5, 14.5, 5.5], "texture": "#0"},
				"south": {"uv": [0, 0, 0, 0.5], "texture": "#0"},
				"west": {"uv": [6, 14, 6.5, 14.5], "texture": "#0"},
				"up": {"uv": [0, 0.5, 0, 0], "texture": "#0"},
				"down": {"uv": [0, 0, 0, 0.5], "texture": "#0"}
			}
		},
		{
			"from": [6.2, 12.6, 6.5],
			"to": [6.2, 12.8, 6.8],
			"rotation": {"x": 90, "y": 0, "z": 0, "origin": [6, 13.1, 7]},
			"faces": {
				"north": {"uv": [0, 0, 0, 0.25], "texture": "#0"},
				"east": {"uv": [14, 8, 14.25, 8.25], "texture": "#0"},
				"south": {"uv": [0, 0, 0, 0.25], "texture": "#0"},
				"west": {"uv": [14, 9, 14.25, 9.25], "texture": "#0"},
				"up": {"uv": [0, 0.25, 0, 0], "texture": "#0"},
				"down": {"uv": [0, 0, 0, 0.25], "texture": "#0"}
			}
		},
		{
			"from": [6.2, 12.3, 7.5],
			"to": [6.2, 12.5, 7.8],
			"rotation": {"x": 90, "y": 0, "z": 0, "origin": [6, 13.1, 8]},
			"faces": {
				"north": {"uv": [0, 0, 0, 0.25], "texture": "#0"},
				"east": {"uv": [11, 14, 11.25, 14.25], "texture": "#0"},
				"south": {"uv": [0, 0, 0, 0.25], "texture": "#0"},
				"west": {"uv": [14, 11, 14.25, 11.25], "texture": "#0"},
				"up": {"uv": [0, 0.25, 0, 0], "texture": "#0"},
				"down": {"uv": [0, 0, 0, 0.25], "texture": "#0"}
			}
		},
		{
			"from": [6.2, 12, 7.5],
			"to": [6.2, 12.3, 7.8],
			"rotation": {"x": 90, "y": 0, "z": 0, "origin": [6, 12.6, 8]},
			"faces": {
				"north": {"uv": [0, 0, 0, 0.25], "texture": "#0"},
				"east": {"uv": [14, 12, 14.25, 12.25], "texture": "#0"},
				"south": {"uv": [0, 0, 0, 0.25], "texture": "#0"},
				"west": {"uv": [13, 14, 13.25, 14.25], "texture": "#0"},
				"up": {"uv": [0, 0.25, 0, 0], "texture": "#0"},
				"down": {"uv": [0, 0, 0, 0.25], "texture": "#0"}
			}
		},
		{
			"from": [6.2, 12.1, 8.5],
			"to": [6.2, 12.4, 8.8],
			"rotation": {"x": 90, "y": 0, "z": 0, "origin": [6, 13.1, 9]},
			"faces": {
				"north": {"uv": [0, 0, 0, 0.25], "texture": "#0"},
				"east": {"uv": [14, 13, 14.25, 13.25], "texture": "#0"},
				"south": {"uv": [0, 0, 0, 0.25], "texture": "#0"},
				"west": {"uv": [14, 14, 14.25, 14.25], "texture": "#0"},
				"up": {"uv": [0, 0.25, 0, 0], "texture": "#0"},
				"down": {"uv": [0, 0, 0, 0.25], "texture": "#0"}
			}
		},
		{
			"from": [6.2, 14.1, 6.5],
			"to": [6.2, 14.3, 6.8],
			"rotation": {"x": 90, "y": 0, "z": 0, "origin": [6, 14.7, 7]},
			"faces": {
				"north": {"uv": [0, 0, 0, 0.25], "texture": "#0"},
				"east": {"uv": [10, 14, 10.25, 14.25], "texture": "#0"},
				"south": {"uv": [0, 0, 0, 0.25], "texture": "#0"},
				"west": {"uv": [14, 10, 14.25, 10.25], "texture": "#0"},
				"up": {"uv": [0, 0.25, 0, 0], "texture": "#0"},
				"down": {"uv": [0, 0, 0, 0.25], "texture": "#0"}
			}
		},
		{
			"from": [6.2, 14.5, 1.5],
			"to": [6.2, 17.5, 1.9],
			"rotation": {"x": 90, "y": 0, "z": 0, "origin": [6, 13.9, 2]},
			"faces": {
				"north": {"uv": [0, 0, 0, 3], "texture": "#0"},
				"east": {"uv": [9, 9, 9.5, 12], "texture": "#0"},
				"south": {"uv": [0, 0, 0, 3], "texture": "#0"},
				"west": {"uv": [10, 3, 10.5, 6], "texture": "#0"},
				"up": {"uv": [0, 0.5, 0, 0], "texture": "#0"},
				"down": {"uv": [0, 0, 0, 0.5], "texture": "#0"}
			}
		},
		{
			"from": [6.2, 15.2, 1.5],
			"to": [6.2, 18.2, 1.9],
			"rotation": {"x": 90, "y": 0, "z": 0, "origin": [6, 14.3, 2]},
			"faces": {
				"north": {"uv": [0, 0, 0, 3], "texture": "#0"},
				"east": {"uv": [4, 10, 4.5, 13], "texture": "#0"},
				"south": {"uv": [0, 0, 0, 3], "texture": "#0"},
				"west": {"uv": [5, 10, 5.5, 13], "texture": "#0"},
				"up": {"uv": [0, 0.5, 0, 0], "texture": "#0"},
				"down": {"uv": [0, 0, 0, 0.5], "texture": "#0"}
			}
		},
		{
			"from": [6.2, 14.5, 4.5],
			"to": [6.5, 18.8, 5.8],
			"rotation": {"x": 90, "y": 0, "z": 0, "origin": [6, 14.4, 5]},
			"faces": {
				"north": {"uv": [10, 9, 10.25, 13.25], "texture": "#0"},
				"east": {"uv": [4, 0, 5.25, 4.25], "texture": "#0"},
				"south": {"uv": [11, 3, 11.25, 7.25], "texture": "#0"},
				"west": {"uv": [4, 5, 5.25, 9.25], "texture": "#0"},
				"up": {"uv": [9.25, 14.25, 9, 13], "texture": "#0"},
				"down": {"uv": [13.25, 9, 13, 10.25], "texture": "#0"}
			}
		},
		{
			"from": [6.275, 14.5, 8.5],
			"to": [6.475, 17.4, 9.6],
			"rotation": {"x": 107.5, "y": 0, "z": 0, "origin": [6, 14.4, 9]},
			"faces": {
				"north": {"uv": [4, 13, 4.25, 16], "texture": "#0"},
				"east": {"uv": [6, 8, 7, 11], "texture": "#0"},
				"south": {"uv": [13, 4, 13.25, 7], "texture": "#0"},
				"west": {"uv": [7, 8, 8, 11], "texture": "#0"},
				"up": {"uv": [2.25, 15, 2, 14], "texture": "#0"},
				"down": {"uv": [14.25, 2, 14, 3], "texture": "#0"}
			}
		},
		{
			"from": [6.35, 14.6, 10.3],
			"to": [6.45, 18.7, 11.2],
			"rotation": {"x": 122.5, "y": 0, "z": 0, "origin": [6, 14.1, 10.7]},
			"faces": {
				"north": {"uv": [12, 11, 12.25, 15], "texture": "#0"},
				"east": {"uv": [6, 4, 7, 8], "texture": "#0"},
				"south": {"uv": [13, 0, 13.25, 4], "texture": "#0"},
				"west": {"uv": [7, 4, 8, 8], "texture": "#0"},
				"up": {"uv": [3.25, 15, 3, 14], "texture": "#0"},
				"down": {"uv": [14.25, 3, 14, 4], "texture": "#0"}
			}
		},
		{
			"from": [6, 3, 5],
			"to": [6.7, 15, 5.8],
			"rotation": {"angle": 0, "axis": "y", "origin": [6, 3, 5]},
			"faces": {
				"north": {"uv": [1, 2, 1.75, 14], "texture": "#0"},
				"east": {"uv": [1, 2, 1.75, 14], "texture": "#0"},
				"south": {"uv": [1, 2, 1.75, 14], "texture": "#0"},
				"west": {"uv": [3, 2, 3.75, 14], "texture": "#0"},
				"up": {"uv": [5.75, 13.75, 5, 13], "texture": "#0"},
				"down": {"uv": [6.75, 13, 6, 13.75], "texture": "#0"}
			}
		},
		{
			"from": [4, 6.1, 4.9],
			"to": [6.3, 7.1, 5.9],
			"rotation": {"x": 0, "y": 0, "z": -90, "origin": [6, 6.3, 5]},
			"faces": {
				"north": {"uv": [11.25, 2, 9, 3], "texture": "#0"},
				"east": {"uv": [1.25, 15, 1, 14], "texture": "#0"},
				"south": {"uv": [11.25, 2, 9, 3], "texture": "#0"},
				"west": {"uv": [1.25, 15, 1, 14], "texture": "#0"},
				"up": {"uv": [11.25, 2, 9, 3], "texture": "#0"},
				"down": {"uv": [11.25, 2, 9, 3], "texture": "#0"}
			}
		},
		{
			"from": [6, 3.1, 4.9],
			"to": [6.3, 4.1, 5.9],
			"rotation": {"x": 0, "y": 0, "z": -90, "origin": [6, 3.3, 5]},
			"faces": {
				"north": {"uv": [11, 13, 11.25, 14], "texture": "#0"},
				"east": {"uv": [1.25, 15, 1, 14], "texture": "#0"},
				"south": {"uv": [13, 11, 13.25, 12], "texture": "#0"},
				"west": {"uv": [1.25, 15, 1, 14], "texture": "#0"},
				"up": {"uv": [13.25, 13, 13, 12], "texture": "#0"},
				"down": {"uv": [13.25, 13, 13, 14], "texture": "#0"}
			}
		},
		{
			"from": [6, 11.1, 4.9],
			"to": [6.5, 12.1, 5.9],
			"rotation": {"x": 0, "y": 0, "z": -90, "origin": [6, 11.3, 5]},
			"faces": {
				"north": {"uv": [7, 13, 7.5, 14], "texture": "#0"},
				"east": {"uv": [8.5, 14, 8, 13], "texture": "#0"},
				"south": {"uv": [13, 7, 13.5, 8], "texture": "#0"},
				"west": {"uv": [8.5, 14, 8, 13], "texture": "#0"},
				"up": {"uv": [8.5, 14, 8, 13], "texture": "#0"},
				"down": {"uv": [13.5, 8, 13, 9], "texture": "#0"}
			}
		},
		{
			"from": [5, 14.1, 4.9],
			"to": [6.8, 15.1, 5.9],
			"rotation": {"x": 0, "y": 0, "z": -90, "origin": [6, 14.3, 5]},
			"faces": {
				"north": {"uv": [1, 1, 2, 2], "texture": "#0"},
				"east": {"uv": [0, 1, 1, 2], "texture": "#0"},
				"south": {"uv": [3, 1, 4, 2], "texture": "#0"},
				"west": {"uv": [2, 1, 3, 2], "texture": "#0"},
				"up": {"uv": [2, 1, 1, 0], "texture": "#0"},
				"down": {"uv": [3, 0, 2, 1], "texture": "#0"}
			}
		},
		{
			"from": [6, 4.1, 4.9],
			"to": [6.3, 5.1, 5.9],
			"rotation": {"x": 0, "y": 0, "z": -90, "origin": [6, 4.3, 5]},
			"faces": {
				"north": {"uv": [0, 14, 0.25, 15], "texture": "#0"},
				"east": {"uv": [1.25, 15, 1, 14], "texture": "#0"},
				"south": {"uv": [14, 0, 14.25, 1], "texture": "#0"},
				"west": {"uv": [1.25, 15, 1, 14], "texture": "#0"},
				"up": {"uv": [1.25, 15, 1, 14], "texture": "#0"},
				"down": {"uv": [14.25, 1, 14, 2], "texture": "#0"}
			}
		}
	],
	"display": {
		"thirdperson_righthand": {
			"rotation": [8, 176, -7],
			"translation": [-1.25, 4.5, -0.5],
			"scale": [1.29, 1.29, 1.29]
		},
		"thirdperson_lefthand": {
			"rotation": [0, -180, 0],
			"translation": [2.5, 4, 0],
			"scale": [1.29, 1.29, 1.29]
		},
		"firstperson_righthand": {
			"rotation": [-180, 27.25, -180],
			"translation": [0.25, 2.75, 0.5]
		},
		"firstperson_lefthand": {
			"rotation": [7, 175, 0],
			"translation": [1.5, 2.75, 0]
		},
		"ground": {
			"rotation": [-77, 86, -15],
			"translation": [1.75, -4.25, 2.25]
		},
		"gui": {
			"rotation": [106.17, 62.06, -104.38],
			"translation": [0, -1.5, 0]
		},
		"fixed": {
			"rotation": [89.22, -60.63, 85.37],
			"translation": [-0.75, -1, 2],
			"scale": [0.98, 1, 1]
		}
	},
	"groups": [
		0,
		1,
		2,
		3,
		4,
		5,
		6,
		7,
		8,
		9,
		10,
		11,
		12,
		13,
		14,
		15,
		16,
		17,
		18,
		19,
		20,
		{
			"name": "group",
			"origin": [6, 11.3, 8],
			"color": 0,
			"children": []
		},
		21
	]
}
