{"display":{"gui":{"rotation":[30.0,225.0,0.0]}},"elements":[{"from":[5.79,15.631077,7.5895],"to":[7.5400004,17.631077,9.4105],"rotation":{"origin":[7.3005004,15.131077,8.4],"axis":"z","angle":22.5},"faces":{"east":{"uv":[8.008,6.008,8.492,6.492],"texture":"#0","tintindex":0},"south":{"uv":[0.008,8.258,0.492,8.742],"texture":"#0","tintindex":0},"north":{"uv":[4.508,8.008,4.992,8.492],"texture":"#0","tintindex":0},"west":{"uv":[8.258,0.008,8.742,0.492],"texture":"#0","tintindex":0},"up":{"uv":[0.992,8.742,0.508,8.258],"texture":"#0","tintindex":0},"down":{"uv":[2.492,8.258,2.008,8.742],"texture":"#0","tintindex":0}}},{"from":[5.260381,11.14146,6.3395],"to":[10.381381,13.14146,10.6605],"rotation":{"origin":[7.8208814,12.64146,8.4],"axis":"z","angle":22.5},"faces":{"east":{"uv":[7.008,6.758,8.125,7.242],"texture":"#0","tintindex":0},"south":{"uv":[1.008,7.258,2.125,7.742],"texture":"#0","tintindex":0},"north":{"uv":[6.758,6.258,7.875,6.742],"texture":"#0","tintindex":0},"west":{"uv":[7.008,7.258,8.125,7.742],"texture":"#0","tintindex":0},"up":{"uv":[5.625,1.125,4.508,0.008],"texture":"#0","tintindex":0},"down":{"uv":[5.625,1.258,4.508,2.375],"texture":"#0","tintindex":0}}},{"from":[5.637616,11.207571,7.0895],"to":[8.958616,15.28257,9.9105],"rotation":{"origin":[8.198116,11.78257,8.4],"axis":"z","angle":-22.5},"faces":{"east":{"uv":[2.008,6.258,2.742,7.242],"texture":"#0","tintindex":0},"south":{"uv":[6.008,3.758,6.875,4.742],"texture":"#0","tintindex":0},"north":{"uv":[6.008,2.758,6.875,3.742],"texture":"#0","tintindex":0},"west":{"uv":[6.758,0.008,7.492,0.992],"texture":"#0","tintindex":0},"up":{"uv":[6.875,7.492,6.008,6.758],"texture":"#0","tintindex":0},"down":{"uv":[0.875,7.008,0.008,7.742],"texture":"#0","tintindex":0}}},{"from":[7.5400004,13.631077,7.5895],"to":[9.861,17.631077,9.4105],"rotation":{"origin":[7.3005004,15.131077,8.4],"axis":"z","angle":22.5},"faces":{"east":{"uv":[1.508,7.758,1.992,8.742],"texture":"#0","tintindex":0},"south":{"uv":[7.008,3.758,7.625,4.742],"texture":"#0","tintindex":0},"north":{"uv":[7.008,2.758,7.625,3.742],"texture":"#0","tintindex":0},"west":{"uv":[7.758,3.258,8.242,4.242],"texture":"#0","tintindex":0},"up":{"uv":[8.375,4.742,7.758,4.258],"texture":"#0","tintindex":0},"down":{"uv":[7.625,7.758,7.008,8.242],"texture":"#0","tintindex":0}}},{"from":[5.1895,8.8605,5.8395],"to":[10.8105,12.2605,11.1605],"faces":{"east":{"uv":[4.508,3.508,5.875,4.375],"texture":"#0","tintindex":0},"south":{"uv":[4.508,4.508,5.875,5.375],"texture":"#0","tintindex":0},"north":{"uv":[4.508,2.508,5.875,3.375],"texture":"#0","tintindex":0},"west":{"uv":[3.008,5.008,4.375,5.875],"texture":"#0","tintindex":0},"up":{"uv":[4.375,1.375,3.008,0.008],"texture":"#0","tintindex":0},"down":{"uv":[4.375,1.508,3.008,2.875],"texture":"#0","tintindex":0}}},{"from":[5.4395,5.9895,4.4395],"to":[8.3605,7.4605007,4.9395],"rotation":{"origin":[5.3,5.925,4.4395],"axis":"z","angle":22.5},"faces":{"east":{"uv":[5.008,7.258,5.125,7.625],"texture":"#0","tintindex":0},"south":{"uv":[8.008,1.758,8.742,2.125],"texture":"#0","tintindex":0},"north":{"uv":[8.008,1.258,8.742,1.625],"texture":"#0","tintindex":0},"west":{"uv":[2.008,7.758,2.125,8.125],"texture":"#0","tintindex":0},"up":{"uv":[8.992,7.625,8.258,7.508],"texture":"#0","tintindex":0},"down":{"uv":[6.992,8.508,6.258,8.625],"texture":"#0","tintindex":0}}},{"from":[5.1895,5.189501,5.1895],"to":[10.8105,9.060501,10.8105],"faces":{"east":{"uv":[3.008,4.008,4.375,4.992],"texture":"#0","tintindex":0},"south":{"uv":[0.008,4.258,1.375,5.242],"texture":"#0","tintindex":0},"north":{"uv":[1.508,3.258,2.875,4.242],"texture":"#0","tintindex":0},"west":{"uv":[1.508,4.258,2.875,5.242],"texture":"#0","tintindex":0},"up":{"uv":[1.375,3.125,0.008,1.758],"texture":"#0","tintindex":0},"down":{"uv":[2.875,1.758,1.508,3.125],"texture":"#0","tintindex":0}}},{"from":[7.551467,4.1895,6.0394917],"to":[11.651467,8.060499,7.910492],"rotation":{"origin":[8.590967,6.125,6.974992],"axis":"y","angle":22.5},"faces":{"east":{"uv":[7.508,1.758,7.992,2.742],"texture":"#0","tintindex":0},"south":{"uv":[5.758,0.008,6.742,0.992],"texture":"#0","tintindex":0},"north":{"uv":[1.758,5.258,2.742,6.242],"texture":"#0","tintindex":0},"west":{"uv":[6.008,7.508,6.492,8.492],"texture":"#0","tintindex":0},"up":{"uv":[8.492,5.242,7.508,4.758],"texture":"#0","tintindex":0},"down":{"uv":[0.992,7.758,0.008,8.242],"texture":"#0","tintindex":0}}},{"from":[7.6395,5.9895,4.4395],"to":[10.5605,7.4605007,4.9395],"rotation":{"origin":[10.7,5.925,4.4395],"axis":"z","angle":-22.5},"faces":{"east":{"uv":[5.758,7.758,5.875,8.125],"texture":"#0","tintindex":0},"south":{"uv":[3.758,8.008,4.492,8.375],"texture":"#0","tintindex":0},"north":{"uv":[8.008,2.258,8.742,2.625],"texture":"#0","tintindex":0},"west":{"uv":[8.508,8.008,8.625,8.375],"texture":"#0","tintindex":0},"up":{"uv":[9.242,6.375,8.508,6.258],"texture":"#0","tintindex":0},"down":{"uv":[9.242,7.758,8.508,7.875],"texture":"#0","tintindex":0}}},{"from":[6.6895,7.189501,4.1895],"to":[9.3105,9.060501,5.1895],"faces":{"east":{"uv":[2.758,5.258,2.992,5.742],"texture":"#0","tintindex":0},"south":{"uv":[8.008,0.758,8.625,1.242],"texture":"#0","tintindex":0},"north":{"uv":[7.758,7.758,8.375,8.242],"texture":"#0","tintindex":0},"west":{"uv":[5.758,2.008,5.992,2.492],"texture":"#0","tintindex":0},"up":{"uv":[1.625,6.242,1.008,6.008],"texture":"#0","tintindex":0},"down":{"uv":[8.875,0.508,8.258,0.742],"texture":"#0","tintindex":0}}},{"from":[4.9395,7.8605003,4.9395],"to":[11.0605,10.2605,11.5605],"rotation":{"origin":[8.0,8.8605,8.0],"axis":"x","angle":22.5},"faces":{"east":{"uv":[0.008,5.258,1.625,5.875],"texture":"#0","tintindex":0},"south":{"uv":[2.758,6.008,4.242,6.625],"texture":"#0","tintindex":0},"north":{"uv":[6.008,2.008,7.492,2.625],"texture":"#0","tintindex":0},"west":{"uv":[4.508,5.508,6.125,6.125],"texture":"#0","tintindex":0},"up":{"uv":[1.492,1.625,0.008,0.008],"texture":"#0","tintindex":0},"down":{"uv":[2.992,0.008,1.508,1.625],"texture":"#0","tintindex":0}}},{"from":[4.9395,4.189501,4.9395],"to":[11.0605,8.060501,6.8105],"faces":{"east":{"uv":[2.258,7.258,2.742,8.242],"texture":"#0","tintindex":0},"south":{"uv":[0.008,3.258,1.492,4.242],"texture":"#0","tintindex":0},"north":{"uv":[3.008,3.008,4.492,3.992],"texture":"#0","tintindex":0},"west":{"uv":[7.508,0.758,7.992,1.742],"texture":"#0","tintindex":0},"up":{"uv":[7.492,5.242,6.008,4.758],"texture":"#0","tintindex":0},"down":{"uv":[6.742,6.258,5.258,6.742],"texture":"#0","tintindex":0}}},{"from":[4.9395,2.1895008,4.9395],"to":[11.0605,4.189501,4.9395],"faces":{"south":{"uv":[7.742,5.258,6.258,5.742],"texture":"#0","tintindex":0},"north":{"uv":[6.258,5.258,7.742,5.742],"texture":"#0","tintindex":0}}},{"from":[4.3485327,4.1895,6.0394917],"to":[8.448533,8.060499,7.910492],"rotation":{"origin":[7.409033,6.125,6.974992],"axis":"y","angle":-22.5},"faces":{"east":{"uv":[6.508,7.508,6.992,8.492],"texture":"#0","tintindex":0},"south":{"uv":[0.008,6.008,0.992,6.992],"texture":"#0","tintindex":0},"north":{"uv":[5.758,1.008,6.742,1.992],"texture":"#0","tintindex":0},"west":{"uv":[1.008,7.758,1.492,8.742],"texture":"#0","tintindex":0},"up":{"uv":[3.742,8.242,2.758,7.758],"texture":"#0","tintindex":0},"down":{"uv":[8.742,2.758,7.758,3.242],"texture":"#0","tintindex":0}}}],"textures":{"0":"modelengine:entity/cubee_gnome"}}