{"display":{"gui":{"rotation":[30.0,225.0,0.0]}},"elements":[{"from":[6.4025,1.5749998,6.4025],"to":[9.5975,5.6549997,9.5975],"faces":{"east":{"uv":[2.758,6.758,3.492,7.742],"texture":"#0","tintindex":0},"south":{"uv":[3.508,6.758,4.242,7.742],"texture":"#0","tintindex":0},"north":{"uv":[6.758,1.008,7.492,1.992],"texture":"#0","tintindex":0},"west":{"uv":[5.258,6.758,5.992,7.742],"texture":"#0","tintindex":0},"up":{"uv":[4.992,7.992,4.258,7.258],"texture":"#0","tintindex":0},"down":{"uv":[8.242,0.008,7.508,0.742],"texture":"#0","tintindex":0}}},{"from":[6.7875,5.4049997,6.7875],"to":[9.2125,6.675,9.2125],"faces":{"east":{"uv":[8.258,3.258,8.875,3.625],"texture":"#0","tintindex":0},"south":{"uv":[8.258,3.758,8.875,4.125],"texture":"#0","tintindex":0},"north":{"uv":[2.508,8.258,3.125,8.625],"texture":"#0","tintindex":0},"west":{"uv":[8.258,6.508,8.875,6.875],"texture":"#0","tintindex":0},"up":{"uv":[5.625,8.375,5.008,7.758],"texture":"#0","tintindex":0},"down":{"uv":[8.375,5.258,7.758,5.875],"texture":"#0","tintindex":0}}},{"from":[8.0,6.675,7.0375],"to":[8.0,8.215,8.9625],"faces":{"east":{"uv":[4.758,8.508,5.242,8.875],"texture":"#0","tintindex":0},"west":{"uv":[8.508,4.758,8.992,5.125],"texture":"#0","tintindex":0}}}],"textures":{"0":"modelengine:entity/cubee_gnome"}}