{"display":{"gui":{"rotation":[30.0,225.0,0.0]}},"elements":[{"from":[6.2375,7.25,7.25],"to":[9.2375,8.75,8.75],"faces":{"east":{"uv":[5.258,8.508,5.625,8.875],"texture":"#0","tintindex":0},"south":{"uv":[7.008,8.258,7.492,8.625],"texture":"#0","tintindex":0},"north":{"uv":[3.258,8.258,3.742,8.625],"texture":"#0","tintindex":0},"west":{"uv":[8.508,5.258,8.875,5.625],"texture":"#0","tintindex":0},"up":{"uv":[8.742,7.375,8.258,7.008],"texture":"#0","tintindex":0},"down":{"uv":[7.992,8.258,7.508,8.625],"texture":"#0","tintindex":0}}}],"textures":{"0":"modelengine:entity/cubee_gnome"}}