{"display":{"gui":{"rotation":[30.0,225.0,0.0]}},"elements":[{"from":[6.7625,7.25,7.25],"to":[9.7625,8.75,8.75],"faces":{"east":{"uv":[5.758,8.508,6.125,8.875],"texture":"#0","tintindex":0},"south":{"uv":[3.758,8.508,4.242,8.875],"texture":"#0","tintindex":0},"north":{"uv":[8.008,8.258,8.492,8.625],"texture":"#0","tintindex":0},"west":{"uv":[8.508,5.758,8.875,6.125],"texture":"#0","tintindex":0},"up":{"uv":[4.742,8.875,4.258,8.508],"texture":"#0","tintindex":0},"down":{"uv":[8.992,4.258,8.508,4.625],"texture":"#0","tintindex":0}}}],"textures":{"0":"modelengine:entity/cubee_gnome"}}