{"display":{"gui":{"rotation":[30.0,225.0,0.0]}},"elements":[{"from":[4.0,10.0,4.0],"to":[4.0,18.0,15.0],"rotation":{"origin":[4.0,16.0,4.0],"axis":"y","angle":-22.5},"faces":{"east":{"uv":[2.75,2.0,0.0,4.0],"texture":"#0","tintindex":0},"west":{"uv":[0.0,2.0,2.75,4.0],"texture":"#0","tintindex":0}}},{"from":[12.0,10.0,4.0],"to":[12.0,18.0,15.0],"rotation":{"origin":[12.0,16.0,4.0],"axis":"y","angle":22.5},"faces":{"east":{"uv":[2.75,2.0,0.0,4.0],"texture":"#0","tintindex":0},"west":{"uv":[0.0,2.0,2.75,4.0],"texture":"#0","tintindex":0}}},{"from":[8.0,11.0,6.0],"to":[8.0,21.0,23.0],"rotation":{"origin":[8.0,17.5,8.5],"axis":"x","angle":-22.5},"faces":{"east":{"uv":[16.0,0.0,11.75,2.5],"texture":"#2","tintindex":0},"west":{"uv":[11.75,0.0,16.0,2.5],"texture":"#2","tintindex":0}}},{"from":[5.0,8.0,8.0],"to":[5.0,16.0,20.0],"rotation":{"origin":[5.0,11.5,8.5],"axis":"y","angle":-22.5},"faces":{"east":{"uv":[16.0,6.0,13.0,8.0],"texture":"#2","tintindex":0},"west":{"uv":[13.0,6.0,16.0,8.0],"texture":"#2","tintindex":0}}},{"from":[4.0,8.0,4.0],"to":[12.0,16.0,12.0],"faces":{"east":{"uv":[2.75,2.0,4.75,4.0],"texture":"#0","tintindex":0},"south":{"uv":[0.0,4.0,2.0,6.0],"texture":"#0","tintindex":0},"north":{"uv":[2.75,0.0,4.75,2.0],"texture":"#0","tintindex":0},"west":{"uv":[2.0,4.0,4.0,6.0],"texture":"#0","tintindex":0},"up":{"uv":[6.0,6.0,4.0,4.0],"texture":"#0","tintindex":0},"down":{"uv":[6.75,0.0,4.75,2.0],"texture":"#0","tintindex":0}}},{"from":[10.0,8.75,3.75],"to":[26.0,18.75,3.75],"rotation":{"origin":[13.0,13.75,3.75],"axis":"z","angle":45.0},"faces":{"south":{"uv":[4.0,13.5,0.0,16.0],"texture":"#2","tintindex":0},"north":{"uv":[0.0,13.5,4.0,16.0],"texture":"#2","tintindex":0}}},{"from":[11.0,8.0,8.0],"to":[11.0,16.0,20.0],"rotation":{"origin":[11.0,11.5,8.5],"axis":"y","angle":22.5},"faces":{"east":{"uv":[16.0,6.0,13.0,8.0],"texture":"#2","tintindex":0},"west":{"uv":[13.0,6.0,16.0,8.0],"texture":"#2","tintindex":0}}},{"from":[-10.0,8.75,3.75],"to":[6.0,18.75,3.75],"rotation":{"origin":[3.0,13.75,3.75],"axis":"z","angle":-45.0},"faces":{"south":{"uv":[0.0,13.5,4.0,16.0],"texture":"#2","tintindex":0},"north":{"uv":[4.0,13.5,0.0,16.0],"texture":"#2","tintindex":0}}}],"textures":{"0":"modelengine:entity/end_wraith","2":"modelengine:entity/end_wraith_anim"}}