{"display":{"gui":{"rotation":[30.0,225.0,0.0]}},"elements":[{"from":[2.0,8.0,8.0],"to":[8.0,9.0,8.0],"faces":{"east":{"uv":[15.75,15.75,16.0,16.0],"texture":"#0","tintindex":0},"south":{"uv":[13.0,8.25,11.5,8.5],"texture":"#0","tintindex":0},"north":{"uv":[11.5,8.25,13.0,8.5],"texture":"#0","tintindex":0},"west":{"uv":[15.75,15.75,16.0,16.0],"texture":"#0","tintindex":0},"up":{"uv":[15.75,15.75,16.0,16.0],"texture":"#0","tintindex":0},"down":{"uv":[15.75,15.75,16.0,16.0],"texture":"#0","tintindex":0}}}],"textures":{"0":"modelengine:entity/empowered_enderbruiser"}}