{"display":{"gui":{"rotation":[30.0,225.0,0.0]}},"elements":[{"from":[5.339237,7.0494175,7.6645],"to":[8.589237,8.849419,8.3355],"rotation":{"origin":[5.839237,7.5494175,8.0],"axis":"z","angle":-22.5},"faces":{"east":{"uv":[2.758,9.758,2.875,10.242],"texture":"#0","tintindex":0},"south":{"uv":[6.508,2.508,7.375,2.992],"texture":"#0","tintindex":0},"north":{"uv":[5.758,6.258,6.625,6.742],"texture":"#0","tintindex":0},"west":{"uv":[9.758,4.008,9.875,4.492],"texture":"#0","tintindex":0},"up":{"uv":[2.875,9.625,2.008,9.508],"texture":"#0","tintindex":0},"down":{"uv":[10.375,2.508,9.508,2.625],"texture":"#0","tintindex":0}}},{"from":[5.283948,4.07568,7.6895],"to":[7.6839476,7.5966797,8.3105],"rotation":{"origin":[6.033948,7.191431,8.0],"axis":"z","angle":22.5},"faces":{"east":{"uv":[3.008,9.508,3.125,10.375],"texture":"#0","tintindex":0},"south":{"uv":[0.008,6.258,0.625,7.125],"texture":"#0","tintindex":0},"north":{"uv":[1.758,5.758,2.375,6.625],"texture":"#0","tintindex":0},"west":{"uv":[3.258,9.508,3.375,10.375],"texture":"#0","tintindex":0},"up":{"uv":[10.375,2.875,9.758,2.758],"texture":"#0","tintindex":0},"down":{"uv":[10.375,3.008,9.758,3.125],"texture":"#0","tintindex":0}}}],"textures":{"0":"modelengine:entity/cubee_krampus"}}