{"display":{"gui":{"rotation":[30.0,225.0,0.0]}},"elements":[{"from":[8.324573,8.062389,7.405692],"to":[10.118632,11.9753895,8.627752],"rotation":{"origin":[10.157201,6.9541206,8.005972],"axis":"z","angle":45.0},"faces":{"east":{"uv":[3.508,8.258,3.742,9.242],"texture":"#0","tintindex":0},"south":{"uv":[6.258,5.258,6.742,6.242],"texture":"#0","tintindex":0},"north":{"uv":[5.258,6.258,5.742,7.242],"texture":"#0","tintindex":0},"west":{"uv":[3.758,8.258,3.992,9.242],"texture":"#0","tintindex":0},"up":{"uv":[9.742,3.742,9.258,3.508],"texture":"#0","tintindex":0},"down":{"uv":[9.742,5.508,9.258,5.742],"texture":"#0","tintindex":0}}},{"from":[6.363137,-0.18534088,7.405692],"to":[7.7571964,1.1476593,8.584752],"rotation":{"origin":[10.157201,6.9541206,8.005972],"axis":"z","angle":-45.0},"faces":{"east":{"uv":[9.508,8.258,9.742,8.625],"texture":"#0","tintindex":0},"south":{"uv":[9.008,8.758,9.375,9.125],"texture":"#0","tintindex":0},"north":{"uv":[9.008,8.258,9.375,8.625],"texture":"#0","tintindex":0},"west":{"uv":[8.758,9.508,8.992,9.875],"texture":"#0","tintindex":0},"up":{"uv":[9.875,8.992,9.508,8.758],"texture":"#0","tintindex":0},"down":{"uv":[9.375,9.508,9.008,9.742],"texture":"#0","tintindex":0}}},{"from":[1.3477802,3.6028175,7.427192],"to":[3.4117804,4.5793476,8.563252],"rotation":{"origin":[10.157201,6.9541206,8.005972],"axis":"z","angle":0.0},"faces":{"east":{"uv":[9.758,6.008,9.992,6.242],"texture":"#0","tintindex":0},"south":{"uv":[9.258,9.258,9.742,9.492],"texture":"#0","tintindex":0},"north":{"uv":[8.758,9.258,9.242,9.492],"texture":"#0","tintindex":0},"west":{"uv":[6.258,9.758,6.492,9.992],"texture":"#0","tintindex":0},"up":{"uv":[9.992,0.242,9.508,0.008],"texture":"#0","tintindex":0},"down":{"uv":[9.992,0.258,9.508,0.492],"texture":"#0","tintindex":0}}},{"from":[3.3775773,4.5576153,7.427192],"to":[4.366577,9.339645,8.563252],"rotation":{"origin":[10.157201,6.9541206,8.005972],"axis":"z","angle":0.0},"faces":{"east":{"uv":[7.758,6.758,7.992,7.992],"texture":"#0","tintindex":0},"south":{"uv":[7.008,7.758,7.242,8.992],"texture":"#0","tintindex":0},"north":{"uv":[6.758,7.758,6.992,8.992],"texture":"#0","tintindex":0},"west":{"uv":[0.008,8.008,0.242,9.242],"texture":"#0","tintindex":0},"up":{"uv":[9.992,5.742,9.758,5.508],"texture":"#0","tintindex":0},"down":{"uv":[5.992,9.758,5.758,9.992],"texture":"#0","tintindex":0}}},{"from":[2.6557188,13.2621,7.491692],"to":[3.8347788,13.6061,8.498753],"rotation":{"origin":[10.157201,6.9541206,8.005972],"axis":"z","angle":45.0},"faces":{"east":{"uv":[10.008,6.008,10.242,6.125],"texture":"#0","tintindex":0},"south":{"uv":[6.258,10.008,6.492,10.125],"texture":"#0","tintindex":0},"north":{"uv":[6.008,10.008,6.242,10.125],"texture":"#0","tintindex":0},"west":{"uv":[10.008,6.258,10.242,6.375],"texture":"#0","tintindex":0},"up":{"uv":[9.992,6.492,9.758,6.258],"texture":"#0","tintindex":0},"down":{"uv":[6.742,9.758,6.508,9.992],"texture":"#0","tintindex":0}}},{"from":[0.14919186,4.801407,7.4701924],"to":[0.6402521,6.349407,8.520252],"faces":{"east":{"uv":[0.008,9.758,0.242,10.125],"texture":"#0","tintindex":0},"south":{"uv":[2.508,10.008,2.625,10.375],"texture":"#0","tintindex":0},"north":{"uv":[2.258,10.008,2.375,10.375],"texture":"#0","tintindex":0},"west":{"uv":[0.258,9.758,0.492,10.125],"texture":"#0","tintindex":0},"up":{"uv":[5.875,10.242,5.758,10.008],"texture":"#0","tintindex":0},"down":{"uv":[10.125,5.758,10.008,5.992],"texture":"#0","tintindex":0}}},{"from":[4.5153546,8.906893,7.427192],"to":[6.5793543,10.477423,8.606253],"rotation":{"origin":[10.157201,6.9541206,8.005972],"axis":"z","angle":0.0},"faces":{"east":{"uv":[7.508,9.508,7.742,9.875],"texture":"#0","tintindex":0},"south":{"uv":[8.758,1.508,9.242,1.875],"texture":"#0","tintindex":0},"north":{"uv":[1.508,8.758,1.992,9.125],"texture":"#0","tintindex":0},"west":{"uv":[9.508,7.508,9.742,7.875],"texture":"#0","tintindex":0},"up":{"uv":[8.242,9.492,7.758,9.258],"texture":"#0","tintindex":0},"down":{"uv":[8.742,9.258,8.258,9.492],"texture":"#0","tintindex":0}}},{"from":[7.050104,12.058859,7.405692],"to":[8.659164,13.434858,8.584752],"rotation":{"origin":[10.157201,6.9541206,8.005972],"axis":"z","angle":45.0},"faces":{"east":{"uv":[7.758,9.508,7.992,9.875],"texture":"#0","tintindex":0},"south":{"uv":[9.008,7.758,9.375,8.125],"texture":"#0","tintindex":0},"north":{"uv":[9.008,7.258,9.375,7.625],"texture":"#0","tintindex":0},"west":{"uv":[8.008,9.508,8.242,9.875],"texture":"#0","tintindex":0},"up":{"uv":[9.875,8.242,9.508,8.008],"texture":"#0","tintindex":0},"down":{"uv":[8.625,9.508,8.258,9.742],"texture":"#0","tintindex":0}}},{"from":[4.6026683,-1.6448097,7.4486923],"to":[6.2977285,-0.95680904,8.541752],"rotation":{"origin":[10.157201,6.9541206,8.005972],"axis":"z","angle":-45.0},"faces":{"east":{"uv":[5.508,10.008,5.742,10.125],"texture":"#0","tintindex":0},"south":{"uv":[10.008,1.758,10.375,1.875],"texture":"#0","tintindex":0},"north":{"uv":[1.758,10.008,2.125,10.125],"texture":"#0","tintindex":0},"west":{"uv":[10.008,5.508,10.242,5.625],"texture":"#0","tintindex":0},"up":{"uv":[9.875,9.242,9.508,9.008],"texture":"#0","tintindex":0},"down":{"uv":[9.875,9.508,9.508,9.742],"texture":"#0","tintindex":0}}}],"textures":{"0":"modelengine:entity/cubee_krampus"}}