{"display":{"gui":{"rotation":[30.0,225.0,0.0]}},"elements":[{"from":[6.3105,8.435499,7.375],"to":[9.0605,9.3064995,7.375],"faces":{"south":{"uv":[8.758,2.508,9.492,2.742],"texture":"#0","tintindex":0},"north":{"uv":[8.508,5.508,9.242,5.742],"texture":"#0","tintindex":0}}},{"from":[6.9395,7.564499,7.375],"to":[9.0605,8.435499,8.625],"faces":{"east":{"uv":[2.258,9.758,2.625,9.992],"texture":"#0","tintindex":0},"south":{"uv":[9.508,1.758,9.992,1.992],"texture":"#0","tintindex":0},"north":{"uv":[9.508,1.508,9.992,1.742],"texture":"#0","tintindex":0},"west":{"uv":[9.758,2.258,10.125,2.492],"texture":"#0","tintindex":0},"up":{"uv":[9.242,3.125,8.758,2.758],"texture":"#0","tintindex":0},"down":{"uv":[9.242,3.258,8.758,3.625],"texture":"#0","tintindex":0}}},{"from":[5.9395,7.564499,7.375],"to":[6.9395,8.435499,7.375],"faces":{"south":{"uv":[10.008,0.758,10.242,0.992],"texture":"#0","tintindex":0},"north":{"uv":[0.758,10.008,0.992,10.242],"texture":"#0","tintindex":0}}}],"textures":{"0":"modelengine:entity/cubee_krampus"}}