{"display":{"gui":{"rotation":[30.0,225.0,0.0]}},"elements":[{"from":[11.633423,4.5576153,7.427192],"to":[12.622423,9.339645,8.563252],"rotation":{"origin":[5.842799,6.9541206,8.005972],"axis":"z","angle":0.0},"faces":{"east":{"uv":[6.008,7.758,6.242,8.992],"texture":"#0","tintindex":0},"south":{"uv":[6.258,7.758,6.492,8.992],"texture":"#0","tintindex":0},"north":{"uv":[5.758,7.758,5.992,8.992],"texture":"#0","tintindex":0},"west":{"uv":[6.508,7.758,6.742,8.992],"texture":"#0","tintindex":0},"up":{"uv":[7.742,6.992,7.508,6.758],"texture":"#0","tintindex":0},"down":{"uv":[1.492,9.008,1.258,9.242],"texture":"#0","tintindex":0}}},{"from":[15.359748,4.801407,7.4701924],"to":[15.850808,6.349407,8.520252],"faces":{"east":{"uv":[9.508,7.008,9.742,7.375],"texture":"#0","tintindex":0},"south":{"uv":[1.508,10.008,1.625,10.375],"texture":"#0","tintindex":0},"north":{"uv":[10.008,1.258,10.125,1.625],"texture":"#0","tintindex":0},"west":{"uv":[7.258,9.508,7.492,9.875],"texture":"#0","tintindex":0},"up":{"uv":[4.875,10.242,4.758,10.008],"texture":"#0","tintindex":0},"down":{"uv":[10.125,4.758,10.008,4.992],"texture":"#0","tintindex":0}}},{"from":[5.8813677,8.062389,7.405692],"to":[7.6754274,11.9753895,8.627752],"rotation":{"origin":[5.842799,6.9541206,8.005972],"axis":"z","angle":-45.0},"faces":{"east":{"uv":[1.258,8.008,1.492,8.992],"texture":"#0","tintindex":0},"south":{"uv":[4.758,6.258,5.242,7.242],"texture":"#0","tintindex":0},"north":{"uv":[1.258,3.508,1.742,4.492],"texture":"#0","tintindex":0},"west":{"uv":[3.258,8.258,3.492,9.242],"texture":"#0","tintindex":0},"up":{"uv":[2.492,9.492,2.008,9.258],"texture":"#0","tintindex":0},"down":{"uv":[9.742,2.008,9.258,2.242],"texture":"#0","tintindex":0}}},{"from":[12.165221,13.2621,7.491692],"to":[13.344281,13.6061,8.498753],"rotation":{"origin":[5.842799,6.9541206,8.005972],"axis":"z","angle":-45.0},"faces":{"east":{"uv":[10.008,5.008,10.242,5.125],"texture":"#0","tintindex":0},"south":{"uv":[5.258,10.008,5.492,10.125],"texture":"#0","tintindex":0},"north":{"uv":[5.008,10.008,5.242,10.125],"texture":"#0","tintindex":0},"west":{"uv":[10.008,5.258,10.242,5.375],"texture":"#0","tintindex":0},"up":{"uv":[9.992,5.492,9.758,5.258],"texture":"#0","tintindex":0},"down":{"uv":[5.742,9.758,5.508,9.992],"texture":"#0","tintindex":0}}},{"from":[9.702271,-1.6448097,7.4486923],"to":[11.397331,-0.95680904,8.541752],"rotation":{"origin":[5.842799,6.9541206,8.005972],"axis":"z","angle":45.0},"faces":{"east":{"uv":[10.008,3.508,10.242,3.625],"texture":"#0","tintindex":0},"south":{"uv":[10.008,1.008,10.375,1.125],"texture":"#0","tintindex":0},"north":{"uv":[1.008,10.008,1.375,10.125],"texture":"#0","tintindex":0},"west":{"uv":[10.008,4.508,10.242,4.625],"texture":"#0","tintindex":0},"up":{"uv":[7.125,9.742,6.758,9.508],"texture":"#0","tintindex":0},"down":{"uv":[9.875,6.758,9.508,6.992],"texture":"#0","tintindex":0}}},{"from":[9.420646,8.906893,7.427192],"to":[11.484646,10.477423,8.606253],"rotation":{"origin":[5.842799,6.9541206,8.005972],"axis":"z","angle":0.0},"faces":{"east":{"uv":[4.758,9.508,4.992,9.875],"texture":"#0","tintindex":0},"south":{"uv":[8.758,1.008,9.242,1.375],"texture":"#0","tintindex":0},"north":{"uv":[0.758,8.758,1.242,9.125],"texture":"#0","tintindex":0},"west":{"uv":[5.008,9.508,5.242,9.875],"texture":"#0","tintindex":0},"up":{"uv":[9.742,2.492,9.258,2.258],"texture":"#0","tintindex":0},"down":{"uv":[9.742,2.758,9.258,2.992],"texture":"#0","tintindex":0}}},{"from":[8.242804,-0.18534088,7.405692],"to":[9.636864,1.1476593,8.584752],"rotation":{"origin":[5.842799,6.9541206,8.005972],"axis":"z","angle":45.0},"faces":{"east":{"uv":[6.008,9.508,6.242,9.875],"texture":"#0","tintindex":0},"south":{"uv":[7.008,9.008,7.375,9.375],"texture":"#0","tintindex":0},"north":{"uv":[9.008,6.758,9.375,7.125],"texture":"#0","tintindex":0},"west":{"uv":[9.508,6.008,9.742,6.375],"texture":"#0","tintindex":0},"up":{"uv":[6.625,9.742,6.258,9.508],"texture":"#0","tintindex":0},"down":{"uv":[9.875,6.508,9.508,6.742],"texture":"#0","tintindex":0}}},{"from":[7.340836,12.058859,7.405692],"to":[8.949896,13.434858,8.584752],"rotation":{"origin":[5.842799,6.9541206,8.005972],"axis":"z","angle":-45.0},"faces":{"east":{"uv":[9.508,5.008,9.742,5.375],"texture":"#0","tintindex":0},"south":{"uv":[6.508,9.008,6.875,9.375],"texture":"#0","tintindex":0},"north":{"uv":[9.008,6.258,9.375,6.625],"texture":"#0","tintindex":0},"west":{"uv":[5.258,9.508,5.492,9.875],"texture":"#0","tintindex":0},"up":{"uv":[5.875,9.742,5.508,9.508],"texture":"#0","tintindex":0},"down":{"uv":[9.875,5.758,9.508,5.992],"texture":"#0","tintindex":0}}},{"from":[12.58822,3.6028175,7.427192],"to":[14.65222,4.5793476,8.563252],"rotation":{"origin":[5.842799,6.9541206,8.005972],"axis":"z","angle":0.0},"faces":{"east":{"uv":[9.758,3.508,9.992,3.742],"texture":"#0","tintindex":0},"south":{"uv":[9.258,3.008,9.742,3.242],"texture":"#0","tintindex":0},"north":{"uv":[3.008,9.258,3.492,9.492],"texture":"#0","tintindex":0},"west":{"uv":[9.758,5.008,9.992,5.242],"texture":"#0","tintindex":0},"up":{"uv":[9.742,3.492,9.258,3.258],"texture":"#0","tintindex":0},"down":{"uv":[3.992,9.258,3.508,9.492],"texture":"#0","tintindex":0}}}],"textures":{"0":"modelengine:entity/cubee_krampus"}}