{"display":{"gui":{"rotation":[30.0,225.0,0.0]}},"elements":[{"from":[2.7369728,2.957943,6.827],"to":[4.719183,6.3785534,9.198],"rotation":{"origin":[4.333683,3.686943,8.0375],"axis":"z","angle":-22.5},"faces":{"east":{"uv":[6.258,1.508,6.875,2.375],"texture":"#0","tintindex":0},"south":{"uv":[2.008,6.758,2.492,7.625],"texture":"#0","tintindex":0},"north":{"uv":[1.508,6.758,1.992,7.625],"texture":"#0","tintindex":0},"west":{"uv":[2.508,6.258,3.125,7.125],"texture":"#0","tintindex":0},"up":{"uv":[0.742,8.625,0.258,8.008],"texture":"#0","tintindex":0},"down":{"uv":[1.242,8.008,0.758,8.625],"texture":"#0","tintindex":0}}},{"from":[4.650613,5.3658485,6.827],"to":[10.521612,8.865849,9.198],"rotation":{"origin":[7.8361125,7.9908485,7.5375],"axis":"z","angle":-22.5},"faces":{"east":{"uv":[3.258,6.258,3.875,7.125],"texture":"#0","tintindex":0},"south":{"uv":[4.008,4.508,5.492,5.375],"texture":"#0","tintindex":0},"north":{"uv":[2.508,4.508,3.992,5.375],"texture":"#0","tintindex":0},"west":{"uv":[4.008,6.258,4.625,7.125],"texture":"#0","tintindex":0},"up":{"uv":[6.242,1.625,4.758,1.008],"texture":"#0","tintindex":0},"down":{"uv":[6.242,1.758,4.758,2.375],"texture":"#0","tintindex":0}}},{"from":[2.4981833,0.63694286,6.702],"to":[5.0691833,3.207943,9.273],"rotation":{"origin":[4.333683,3.686943,8.0375],"axis":"z","angle":-22.5},"faces":{"east":{"uv":[5.758,7.008,6.375,7.625],"texture":"#0","tintindex":0},"south":{"uv":[6.508,7.008,7.125,7.625],"texture":"#0","tintindex":0},"north":{"uv":[7.008,1.258,7.625,1.875],"texture":"#0","tintindex":0},"west":{"uv":[0.008,7.258,0.625,7.875],"texture":"#0","tintindex":0},"up":{"uv":[1.375,7.875,0.758,7.258],"texture":"#0","tintindex":0},"down":{"uv":[3.125,7.258,2.508,7.875],"texture":"#0","tintindex":0}}}],"textures":{"0":"modelengine:entity/cubee_krampus"}}