{"display":{"gui":{"rotation":[30.0,225.0,0.0]}},"elements":[{"from":[8.316052,4.07568,7.6895],"to":[10.716052,7.5966797,8.3105],"rotation":{"origin":[9.966052,7.191431,8.0],"axis":"z","angle":-22.5},"faces":{"east":{"uv":[9.508,4.008,9.625,4.875],"texture":"#0","tintindex":0},"south":{"uv":[0.758,6.258,1.375,7.125],"texture":"#0","tintindex":0},"north":{"uv":[6.258,0.508,6.875,1.375],"texture":"#0","tintindex":0},"west":{"uv":[4.508,9.508,4.625,10.375],"texture":"#0","tintindex":0},"up":{"uv":[10.375,3.375,9.758,3.258],"texture":"#0","tintindex":0},"down":{"uv":[4.125,9.758,3.508,9.875],"texture":"#0","tintindex":0}}},{"from":[7.410763,7.0494175,7.6645],"to":[10.660763,8.849419,8.3355],"rotation":{"origin":[10.160763,7.5494175,8.0],"axis":"z","angle":22.5},"faces":{"east":{"uv":[4.258,9.758,4.375,10.242],"texture":"#0","tintindex":0},"south":{"uv":[6.508,3.508,7.375,3.992],"texture":"#0","tintindex":0},"north":{"uv":[6.508,3.008,7.375,3.492],"texture":"#0","tintindex":0},"west":{"uv":[9.758,4.508,9.875,4.992],"texture":"#0","tintindex":0},"up":{"uv":[4.375,9.625,3.508,9.508],"texture":"#0","tintindex":0},"down":{"uv":[10.375,3.758,9.508,3.875],"texture":"#0","tintindex":0}}}],"textures":{"0":"modelengine:entity/cubee_krampus"}}