{"display":{"gui":{"rotation":[30.0,225.0,0.0]}},"elements":[{"from":[6.9395,7.564499,7.375],"to":[9.0605,8.435499,8.625],"faces":{"east":{"uv":[1.758,9.758,2.125,9.992],"texture":"#0","tintindex":0},"south":{"uv":[9.508,1.258,9.992,1.492],"texture":"#0","tintindex":0},"north":{"uv":[9.508,1.008,9.992,1.242],"texture":"#0","tintindex":0},"west":{"uv":[9.758,2.008,10.125,2.242],"texture":"#0","tintindex":0},"up":{"uv":[2.492,9.125,2.008,8.758],"texture":"#0","tintindex":0},"down":{"uv":[9.242,2.008,8.758,2.375],"texture":"#0","tintindex":0}}},{"from":[6.9395,8.435499,7.375],"to":[9.6895,9.3064995,7.375],"faces":{"south":{"uv":[8.258,6.508,8.992,6.742],"texture":"#0","tintindex":0},"north":{"uv":[5.508,5.258,6.242,5.492],"texture":"#0","tintindex":0}}},{"from":[9.0605,7.564499,7.375],"to":[10.0605,8.435499,7.375],"faces":{"south":{"uv":[10.008,0.508,10.242,0.742],"texture":"#0","tintindex":0},"north":{"uv":[10.008,0.258,10.242,0.492],"texture":"#0","tintindex":0}}}],"textures":{"0":"modelengine:entity/cubee_krampus"}}