{"display":{"gui":{"rotation":[30.0,225.0,0.0]}},"elements":[{"from":[5.4395,7.1520004,8.0125],"to":[7.3105,9.273001,8.0125],"faces":{"south":{"uv":[8.258,4.008,8.742,4.492],"texture":"#0","tintindex":0},"north":{"uv":[4.008,8.258,4.492,8.742],"texture":"#0","tintindex":0}}},{"from":[8.6895,7.1520004,8.0125],"to":[10.5605,9.273001,8.0125],"faces":{"south":{"uv":[5.008,8.258,5.492,8.742],"texture":"#0","tintindex":0},"north":{"uv":[4.508,8.258,4.992,8.742],"texture":"#0","tintindex":0}}}],"textures":{"0":"modelengine:entity/cubee_krampus"}}