{"display":{"gui":{"rotation":[30.0,225.0,0.0]}},"elements":[{"from":[6.6895,4.689501,5.1895],"to":[9.3105,5.439501,7.8105],"faces":{"east":{"uv":[4.008,8.758,4.625,8.992],"texture":"#0","tintindex":0},"south":{"uv":[8.758,4.008,9.375,4.242],"texture":"#0","tintindex":0},"north":{"uv":[8.758,3.758,9.375,3.992],"texture":"#0","tintindex":0},"west":{"uv":[8.758,4.258,9.375,4.492],"texture":"#0","tintindex":0},"up":{"uv":[7.375,6.375,6.758,5.758],"texture":"#0","tintindex":0},"down":{"uv":[7.625,0.508,7.008,1.125],"texture":"#0","tintindex":0}}},{"from":[4.8145,11.310501,11.3095],"to":[11.1865,12.310501,11.3095],"faces":{"south":{"uv":[5.758,6.758,7.375,6.992],"texture":"#0","tintindex":0},"north":{"uv":[7.375,6.758,5.758,6.992],"texture":"#0","tintindex":0}}},{"from":[10.8105,4.439501,5.1895],"to":[10.8105,5.439501,10.8105],"faces":{"east":{"uv":[6.758,6.508,8.125,6.742],"texture":"#0","tintindex":0},"west":{"uv":[8.125,6.508,6.758,6.742],"texture":"#0","tintindex":0}}},{"from":[5.1895,4.439501,5.1895],"to":[5.1895,5.439501,10.8105],"faces":{"east":{"uv":[8.875,6.258,7.508,6.492],"texture":"#0","tintindex":0},"west":{"uv":[7.508,6.258,8.875,6.492],"texture":"#0","tintindex":0}}},{"from":[5.1895,5.439501,5.1895],"to":[10.8105,10.810501,10.8105],"faces":{"east":{"uv":[1.758,1.508,3.125,2.875],"texture":"#0","tintindex":0},"south":{"uv":[1.758,3.008,3.125,4.375],"texture":"#0","tintindex":0},"north":{"uv":[1.758,0.008,3.125,1.375],"texture":"#0","tintindex":0},"west":{"uv":[3.258,0.008,4.625,1.375],"texture":"#0","tintindex":0},"up":{"uv":[4.625,2.875,3.258,1.508],"texture":"#0","tintindex":0},"down":{"uv":[4.625,3.008,3.258,4.375],"texture":"#0","tintindex":0}}},{"from":[3.7836342,15.381882,5.1895],"to":[4.783634,16.481882,6.3105],"rotation":{"origin":[5.5941343,15.931883,5.75],"axis":"z","angle":-22.5},"faces":{"east":{"uv":[9.758,8.508,9.992,8.742],"texture":"#0","tintindex":0},"south":{"uv":[9.008,9.758,9.242,9.992],"texture":"#0","tintindex":0},"north":{"uv":[8.508,9.758,8.742,9.992],"texture":"#0","tintindex":0},"west":{"uv":[9.258,9.758,9.492,9.992],"texture":"#0","tintindex":0},"up":{"uv":[9.992,9.492,9.758,9.258],"texture":"#0","tintindex":0},"down":{"uv":[9.742,9.758,9.508,9.992],"texture":"#0","tintindex":0}}},{"from":[5.8145,11.310501,5.4395],"to":[10.1855,13.560501,10.5605],"faces":{"east":{"uv":[2.508,5.508,3.742,6.125],"texture":"#0","tintindex":0},"south":{"uv":[5.008,5.508,6.125,6.125],"texture":"#0","tintindex":0},"north":{"uv":[5.508,4.508,6.625,5.125],"texture":"#0","tintindex":0},"west":{"uv":[3.758,5.508,4.992,6.125],"texture":"#0","tintindex":0},"up":{"uv":[1.125,4.742,0.008,3.508],"texture":"#0","tintindex":0},"down":{"uv":[2.375,4.508,1.258,5.742],"texture":"#0","tintindex":0}}},{"from":[3.6894999,5.439501,5.1895],"to":[5.1895,8.810501,5.1895],"faces":{"south":{"uv":[7.758,0.008,8.125,0.875],"texture":"#0","tintindex":0},"north":{"uv":[8.125,0.008,7.758,0.875],"texture":"#0","tintindex":0}}},{"from":[4.6895,3.977561,4.9981585],"to":[11.3105,5.477561,4.9981585],"rotation":{"origin":[8.0,4.977561,4.9981585],"axis":"x","angle":22.5},"faces":{"south":{"uv":[1.625,5.758,0.008,6.125],"texture":"#0","tintindex":0},"north":{"uv":[0.008,5.758,1.625,6.125],"texture":"#0","tintindex":0}}},{"from":[10.070366,13.881882,5.1895],"to":[11.216366,16.481882,6.3105],"rotation":{"origin":[10.405866,15.931883,5.75],"axis":"z","angle":22.5},"faces":{"east":{"uv":[3.008,8.508,3.242,9.125],"texture":"#0","tintindex":0},"south":{"uv":[7.758,8.508,7.992,9.125],"texture":"#0","tintindex":0},"north":{"uv":[5.508,8.258,5.742,8.875],"texture":"#0","tintindex":0},"west":{"uv":[4.758,8.758,4.992,9.375],"texture":"#0","tintindex":0},"up":{"uv":[6.992,9.992,6.758,9.758],"texture":"#0","tintindex":0},"down":{"uv":[7.242,9.758,7.008,9.992],"texture":"#0","tintindex":0}}},{"from":[4.7644997,10.710501,4.9395],"to":[6.3855,14.810501,6.5605],"rotation":{"origin":[5.575,12.810501,5.75],"axis":"z","angle":22.5},"faces":{"east":{"uv":[7.258,7.008,7.625,7.992],"texture":"#0","tintindex":0},"south":{"uv":[7.508,2.008,7.875,2.992],"texture":"#0","tintindex":0},"north":{"uv":[5.258,7.258,5.625,8.242],"texture":"#0","tintindex":0},"west":{"uv":[7.508,3.008,7.875,3.992],"texture":"#0","tintindex":0},"up":{"uv":[0.375,9.625,0.008,9.258],"texture":"#0","tintindex":0},"down":{"uv":[0.875,9.258,0.508,9.625],"texture":"#0","tintindex":0}}},{"from":[11.1855,11.310501,4.6895],"to":[11.1855,12.310501,11.3105],"faces":{"east":{"uv":[8.375,4.758,6.758,4.992],"texture":"#0","tintindex":0},"west":{"uv":[6.758,4.758,8.375,4.992],"texture":"#0","tintindex":0}}},{"from":[4.8145,9.439501,4.6895],"to":[11.1855,11.310501,11.3105],"faces":{"east":{"uv":[4.758,3.008,6.375,3.492],"texture":"#0","tintindex":0},"south":{"uv":[4.758,3.508,6.375,3.992],"texture":"#0","tintindex":0},"north":{"uv":[4.758,2.508,6.375,2.992],"texture":"#0","tintindex":0},"west":{"uv":[4.758,4.008,6.375,4.492],"texture":"#0","tintindex":0},"up":{"uv":[1.625,1.625,0.008,0.008],"texture":"#0","tintindex":0},"down":{"uv":[1.625,1.758,0.008,3.375],"texture":"#0","tintindex":0}}},{"from":[9.6145,10.710501,4.9395],"to":[11.2355,14.810501,6.5605],"rotation":{"origin":[10.425,12.810501,5.75],"axis":"z","angle":-22.5},"faces":{"east":{"uv":[3.758,7.258,4.125,8.242],"texture":"#0","tintindex":0},"south":{"uv":[4.258,7.258,4.625,8.242],"texture":"#0","tintindex":0},"north":{"uv":[3.258,7.258,3.625,8.242],"texture":"#0","tintindex":0},"west":{"uv":[4.758,7.258,5.125,8.242],"texture":"#0","tintindex":0},"up":{"uv":[9.375,6.125,9.008,5.758],"texture":"#0","tintindex":0},"down":{"uv":[6.375,9.008,6.008,9.375],"texture":"#0","tintindex":0}}},{"from":[10.8105,5.439501,5.1895],"to":[12.3105,8.810501,5.1895],"faces":{"south":{"uv":[8.125,0.008,7.758,0.875],"texture":"#0","tintindex":0},"north":{"uv":[7.758,0.008,8.125,0.875],"texture":"#0","tintindex":0}}},{"from":[7.1895,6.997322,4.6015453],"to":[8.8105,8.368322,5.4015455],"faces":{"east":{"uv":[0.508,9.758,0.742,10.125],"texture":"#0","tintindex":0},"south":{"uv":[1.008,9.258,1.375,9.625],"texture":"#0","tintindex":0},"north":{"uv":[9.258,0.508,9.625,0.875],"texture":"#0","tintindex":0},"west":{"uv":[9.758,0.508,9.992,0.875],"texture":"#0","tintindex":0},"up":{"uv":[1.125,9.992,0.758,9.758],"texture":"#0","tintindex":0},"down":{"uv":[1.625,9.758,1.258,9.992],"texture":"#0","tintindex":0}}},{"from":[5.6895,1.6895008,6.1895],"to":[10.3105,5.439501,6.1895],"faces":{"south":{"uv":[1.125,4.758,0.008,5.742],"texture":"#0","tintindex":0},"north":{"uv":[0.008,4.758,1.125,5.742],"texture":"#0","tintindex":0}}},{"from":[4.783634,13.881882,5.1895],"to":[5.929634,16.481882,6.3105],"rotation":{"origin":[5.5941343,15.931883,5.75],"axis":"z","angle":-22.5},"faces":{"east":{"uv":[5.258,8.758,5.492,9.375],"texture":"#0","tintindex":0},"south":{"uv":[8.758,6.758,8.992,7.375],"texture":"#0","tintindex":0},"north":{"uv":[5.008,8.758,5.242,9.375],"texture":"#0","tintindex":0},"west":{"uv":[8.758,7.508,8.992,8.125],"texture":"#0","tintindex":0},"up":{"uv":[9.992,9.992,9.758,9.758],"texture":"#0","tintindex":0},"down":{"uv":[10.242,0.008,10.008,0.242],"texture":"#0","tintindex":0}}},{"from":[6.4395,5.6395006,5.1394997],"to":[9.5605,6.8895006,5.1394997],"faces":{"south":{"uv":[2.508,8.008,3.242,8.375],"texture":"#0","tintindex":0},"north":{"uv":[8.008,2.008,8.742,2.375],"texture":"#0","tintindex":0}}},{"from":[4.8145,11.310501,4.6895],"to":[4.8145,12.310501,11.3105],"faces":{"east":{"uv":[8.375,4.758,6.758,4.992],"texture":"#0","tintindex":0},"west":{"uv":[6.758,4.758,8.375,4.992],"texture":"#0","tintindex":0}}},{"from":[11.216366,15.381882,5.1895],"to":[12.216366,16.481882,6.3105],"rotation":{"origin":[10.405866,15.931883,5.75],"axis":"z","angle":22.5},"faces":{"east":{"uv":[9.758,7.258,9.992,7.492],"texture":"#0","tintindex":0},"south":{"uv":[9.758,7.508,9.992,7.742],"texture":"#0","tintindex":0},"north":{"uv":[9.758,7.008,9.992,7.242],"texture":"#0","tintindex":0},"west":{"uv":[9.758,7.758,9.992,7.992],"texture":"#0","tintindex":0},"up":{"uv":[8.492,9.992,8.258,9.758],"texture":"#0","tintindex":0},"down":{"uv":[9.992,8.258,9.758,8.492],"texture":"#0","tintindex":0}}},{"from":[4.8145,11.310501,4.6895],"to":[11.1865,12.310501,4.6895],"faces":{"south":{"uv":[8.375,5.008,6.758,5.242],"texture":"#0","tintindex":0},"north":{"uv":[6.758,5.008,8.375,5.242],"texture":"#0","tintindex":0}}}],"textures":{"0":"modelengine:entity/cubee_krampus"}}