{"display":{"gui":{"rotation":[30.0,225.0,0.0]}},"elements":[{"from":[5.2375,7.25,7.25],"to":[8.2375,8.75,8.75],"faces":{"east":{"uv":[8.008,8.758,8.375,9.125],"texture":"#0","tintindex":0},"south":{"uv":[8.008,3.008,8.742,3.375],"texture":"#0","tintindex":0},"north":{"uv":[8.008,2.508,8.742,2.875],"texture":"#0","tintindex":0},"west":{"uv":[8.508,8.758,8.875,9.125],"texture":"#0","tintindex":0},"up":{"uv":[8.742,3.875,8.008,3.508],"texture":"#0","tintindex":0},"down":{"uv":[8.742,6.758,8.008,7.125],"texture":"#0","tintindex":0}}},{"from":[6.7375,7.2,7.2],"to":[8.4875,8.799999,8.8],"faces":{"east":{"uv":[9.008,0.008,9.375,0.375],"texture":"#0","tintindex":0},"south":{"uv":[2.508,8.508,2.992,8.875],"texture":"#0","tintindex":0},"north":{"uv":[8.008,8.258,8.492,8.625],"texture":"#0","tintindex":0},"west":{"uv":[2.508,9.008,2.875,9.375],"texture":"#0","tintindex":0},"up":{"uv":[8.992,4.875,8.508,4.508],"texture":"#0","tintindex":0},"down":{"uv":[8.992,5.008,8.508,5.375],"texture":"#0","tintindex":0}}},{"from":[5.7875004,7.0999994,7.1],"to":[6.7375,8.9,8.9],"faces":{"east":{"uv":[7.008,2.008,7.492,2.492],"texture":"#0","tintindex":0},"south":{"uv":[1.508,6.258,1.742,6.742],"texture":"#0","tintindex":0},"north":{"uv":[6.008,0.508,6.242,0.992],"texture":"#0","tintindex":0},"west":{"uv":[8.258,0.508,8.742,0.992],"texture":"#0","tintindex":0},"up":{"uv":[4.742,9.492,4.508,9.008],"texture":"#0","tintindex":0},"down":{"uv":[7.742,9.008,7.508,9.492],"texture":"#0","tintindex":0}}}],"textures":{"0":"modelengine:entity/cubee_krampus"}}