{"display":{"gui":{"rotation":[30.0,225.0,0.0]}},"elements":[{"from":[7.7625,7.25,7.25],"to":[10.7625,8.75,8.75],"faces":{"east":{"uv":[4.008,9.008,4.375,9.375],"texture":"#0","tintindex":0},"south":{"uv":[8.008,7.258,8.742,7.625],"texture":"#0","tintindex":0},"north":{"uv":[7.258,8.008,7.992,8.375],"texture":"#0","tintindex":0},"west":{"uv":[9.008,4.508,9.375,4.875],"texture":"#0","tintindex":0},"up":{"uv":[8.742,8.125,8.008,7.758],"texture":"#0","tintindex":0},"down":{"uv":[8.992,0.008,8.258,0.375],"texture":"#0","tintindex":0}}},{"from":[7.5125,7.2,7.2],"to":[9.2625,8.799999,8.8],"faces":{"east":{"uv":[9.008,5.008,9.375,5.375],"texture":"#0","tintindex":0},"south":{"uv":[8.508,8.258,8.992,8.625],"texture":"#0","tintindex":0},"north":{"uv":[7.258,8.508,7.742,8.875],"texture":"#0","tintindex":0},"west":{"uv":[5.508,9.008,5.875,9.375],"texture":"#0","tintindex":0},"up":{"uv":[0.742,9.125,0.258,8.758],"texture":"#0","tintindex":0},"down":{"uv":[9.242,0.508,8.758,0.875],"texture":"#0","tintindex":0}}},{"from":[9.2625,7.0999994,7.1],"to":[10.2125,8.9,8.9],"faces":{"east":{"uv":[8.258,1.008,8.742,1.492],"texture":"#0","tintindex":0},"south":{"uv":[1.508,9.258,1.742,9.742],"texture":"#0","tintindex":0},"north":{"uv":[9.258,1.008,9.492,1.492],"texture":"#0","tintindex":0},"west":{"uv":[8.258,1.508,8.742,1.992],"texture":"#0","tintindex":0},"up":{"uv":[9.492,1.992,9.258,1.508],"texture":"#0","tintindex":0},"down":{"uv":[1.992,9.258,1.758,9.742],"texture":"#0","tintindex":0}}}],"textures":{"0":"modelengine:entity/cubee_krampus"}}