{"display":{"gui":{"rotation":[30.0,225.0,0.0]}},"elements":[{"from":[5.0,8.0,5.0],"to":[11.0,8.0,11.0],"faces":{"east":{"uv":[15.875,12.75,16.0,12.875],"texture":"#0","tintindex":0},"south":{"uv":[15.875,12.75,16.0,12.875],"texture":"#0","tintindex":0},"north":{"uv":[15.875,12.75,16.0,12.875],"texture":"#0","tintindex":0},"west":{"uv":[15.875,12.75,16.0,12.875],"texture":"#0","tintindex":0},"up":{"uv":[15.25,1.875,16.0,2.625],"texture":"#0","tintindex":0},"down":{"uv":[15.25,1.875,16.0,2.625],"texture":"#0","tintindex":0}}}],"textures":{"0":"modelengine:entity/empowered_end_strider"}}