{"display":{"gui":{"rotation":[30.0,225.0,0.0]}},"elements":[{"from":[5.0,-2.0,6.75],"to":[8.0,11.0,9.25],"faces":{"east":{"uv":[9.25,9.625,9.875,12.875],"texture":"#0","tintindex":0},"south":{"uv":[7.0,9.0,7.75,12.25],"texture":"#0","tintindex":0},"north":{"uv":[6.25,8.375,7.0,11.625],"texture":"#0","tintindex":0},"west":{"uv":[9.875,9.625,10.5,12.875],"texture":"#0","tintindex":0},"up":{"uv":[14.5,8.875,13.75,8.25],"texture":"#0","tintindex":0},"down":{"uv":[14.5,12.5,13.75,13.125],"texture":"#0","tintindex":0}}},{"from":[5.5,11.0,7.25],"to":[7.5,16.5,8.75],"rotation":{"origin":[5.5,11.0,7.25],"axis":"z","angle":-22.5},"faces":{"east":{"uv":[5.875,13.625,6.25,15.0],"texture":"#0","tintindex":0},"south":{"uv":[7.375,13.375,7.875,14.75],"texture":"#0","tintindex":0},"north":{"uv":[6.875,13.375,7.375,14.75],"texture":"#0","tintindex":0},"west":{"uv":[15.25,9.625,15.625,11.0],"texture":"#0","tintindex":0},"up":{"uv":[12.125,14.25,11.625,13.875],"texture":"#0","tintindex":0},"down":{"uv":[14.5,0.25,14.0,0.625],"texture":"#0","tintindex":0}}},{"from":[5.5,-1.0,8.0],"to":[9.0,7.0,8.0],"rotation":{"origin":[8.0,0.5,8.0],"axis":"z","angle":-22.5},"faces":{"south":{"uv":[1.625,11.0,2.5,13.0],"texture":"#0","tintindex":0},"north":{"uv":[2.5,11.0,1.625,13.0],"texture":"#0","tintindex":0}}},{"from":[5.5,16.5,8.0],"to":[7.5,22.0,8.0],"rotation":{"origin":[5.5,11.0,7.25],"axis":"z","angle":-22.5},"faces":{"south":{"uv":[10.125,13.5,10.625,14.875],"texture":"#0","tintindex":0},"north":{"uv":[10.625,13.5,10.125,14.875],"texture":"#0","tintindex":0}}}],"textures":{"0":"modelengine:entity/empowered_end_strider"}}