{"display":{"gui":{"rotation":[30.0,225.0,0.0]}},"elements":[{"from":[5.5,-1.0,8.0],"to":[9.0,7.0,8.0],"rotation":{"origin":[8.0,0.5,8.0],"axis":"z","angle":-22.5},"faces":{"south":{"uv":[1.625,11.0,2.5,13.0],"texture":"#0","tintindex":0},"north":{"uv":[2.5,11.0,1.625,13.0],"texture":"#0","tintindex":0}}},{"from":[5.0,-2.0,6.75],"to":[8.0,11.0,9.25],"faces":{"east":{"uv":[9.875,9.625,9.25,12.875],"texture":"#0","tintindex":0},"south":{"uv":[7.0,8.375,6.25,11.625],"texture":"#0","tintindex":0},"north":{"uv":[7.75,9.0,7.0,12.25],"texture":"#0","tintindex":0},"west":{"uv":[10.5,9.625,9.875,12.875],"texture":"#0","tintindex":0},"up":{"uv":[14.5,8.25,13.75,8.875],"texture":"#0","tintindex":0},"down":{"uv":[14.5,13.125,13.75,12.5],"texture":"#0","tintindex":0}}},{"from":[5.5,11.0,7.25],"to":[7.5,16.5,8.75],"rotation":{"origin":[5.5,11.0,8.75],"axis":"z","angle":-22.5},"faces":{"east":{"uv":[6.25,13.625,5.875,15.0],"texture":"#0","tintindex":0},"south":{"uv":[7.375,13.375,6.875,14.75],"texture":"#0","tintindex":0},"north":{"uv":[7.875,13.375,7.375,14.75],"texture":"#0","tintindex":0},"west":{"uv":[15.625,9.625,15.25,11.0],"texture":"#0","tintindex":0},"up":{"uv":[12.125,13.875,11.625,14.25],"texture":"#0","tintindex":0},"down":{"uv":[14.5,0.625,14.0,0.25],"texture":"#0","tintindex":0}}},{"from":[5.5,16.5,8.0],"to":[7.5,22.0,8.0],"rotation":{"origin":[5.5,11.0,8.75],"axis":"z","angle":-22.5},"faces":{"south":{"uv":[10.125,13.5,10.625,14.875],"texture":"#0","tintindex":0},"north":{"uv":[10.625,13.5,10.125,14.875],"texture":"#0","tintindex":0}}}],"textures":{"0":"modelengine:entity/empowered_end_strider"}}