{"display":{"gui":{"rotation":[30.0,225.0,0.0]}},"elements":[{"from":[2.0,2.0,5.5],"to":[11.0,11.0,10.5],"faces":{"east":{"uv":[1.75,13.0,2.375,14.125],"texture":"#0","tintindex":0},"south":{"uv":[12.25,7.125,13.375,8.25],"texture":"#0","tintindex":0},"north":{"uv":[6.875,12.25,8.0,13.375],"texture":"#0","tintindex":0},"west":{"uv":[13.125,12.5,13.75,13.625],"texture":"#0","tintindex":0},"up":{"uv":[10.875,1.875,9.75,1.25],"texture":"#0","tintindex":0},"down":{"uv":[14.375,1.0,13.25,1.625],"texture":"#0","tintindex":0}}}],"textures":{"0":"modelengine:entity/empowered_end_strider"}}