{"display":{"gui":{"rotation":[30.0,225.0,0.0]}},"elements":[{"from":[6.5,-6.25,5.5],"to":[9.5,9.25,10.5],"faces":{"east":{"uv":[3.0,0.0,4.25,3.875],"texture":"#0","tintindex":0},"south":{"uv":[7.75,0.0,8.5,3.875],"texture":"#0","tintindex":0},"north":{"uv":[7.25,5.125,8.0,9.0],"texture":"#0","tintindex":0},"west":{"uv":[3.0,3.875,4.25,7.75],"texture":"#0","tintindex":0},"up":{"uv":[6.25,13.625,5.5,12.375],"texture":"#0","tintindex":0},"down":{"uv":[1.75,13.0,1.0,14.25],"texture":"#0","tintindex":0}}}],"textures":{"0":"modelengine:entity/empowered_end_strider"}}