{"display":{"gui":{"rotation":[30.0,225.0,0.0]}},"elements":[{"from":[1.0,5.0,-3.0],"to":[5.0,7.0,8.0],"faces":{"east":{"uv":[13.75,8.875,15.125,9.125],"texture":"#0","tintindex":0},"south":{"uv":[14.0,2.125,14.5,2.375],"texture":"#0","tintindex":0},"north":{"uv":[10.0,6.125,10.5,6.375],"texture":"#0","tintindex":0},"west":{"uv":[13.75,13.125,15.125,13.375],"texture":"#0","tintindex":0},"up":{"uv":[12.125,13.875,11.625,12.5],"texture":"#0","tintindex":0},"down":{"uv":[4.25,13.0,3.75,14.375],"texture":"#0","tintindex":0}}},{"from":[4.0,2.0,-3.0],"to":[12.0,10.0,9.0],"faces":{"east":{"uv":[12.0,2.5,13.5,3.5],"texture":"#0","tintindex":0},"south":{"uv":[13.0,0.0,14.0,1.0],"texture":"#0","tintindex":0},"north":{"uv":[0.0,13.0,1.0,14.0],"texture":"#0","tintindex":0},"west":{"uv":[12.125,9.625,13.625,10.625],"texture":"#0","tintindex":0},"up":{"uv":[13.125,12.125,12.125,10.625],"texture":"#0","tintindex":0},"down":{"uv":[13.125,12.125,12.125,13.625],"texture":"#0","tintindex":0}}},{"from":[9.0,10.0,-5.0],"to":[9.0,20.0,11.0],"rotation":{"origin":[8.999,10.0,9.0],"axis":"z","angle":-22.5},"faces":{"east":{"uv":[0.0,14.75,2.0,16.0],"texture":"#0","tintindex":0},"west":{"uv":[16.0,13.625,14.0,14.875],"texture":"#0","tintindex":0}}},{"from":[11.0,5.0,-3.0],"to":[15.0,7.0,8.0],"faces":{"east":{"uv":[15.125,13.125,13.75,13.375],"texture":"#0","tintindex":0},"south":{"uv":[14.5,2.125,14.0,2.375],"texture":"#0","tintindex":0},"north":{"uv":[10.5,6.125,10.0,6.375],"texture":"#0","tintindex":0},"west":{"uv":[15.125,8.875,13.75,9.125],"texture":"#0","tintindex":0},"up":{"uv":[11.625,13.875,12.125,12.5],"texture":"#0","tintindex":0},"down":{"uv":[3.75,13.0,4.25,14.375],"texture":"#0","tintindex":0}}},{"from":[-2.0,6.0,-6.0],"to":[5.0,6.0,11.0],"faces":{"up":{"uv":[11.625,5.625,10.75,3.5],"texture":"#0","tintindex":0},"down":{"uv":[11.625,3.5,10.75,5.625],"texture":"#0","tintindex":0}}},{"from":[11.0,6.0,-6.0],"to":[18.0,6.0,11.0],"faces":{"up":{"uv":[10.75,5.625,11.625,3.5],"texture":"#0","tintindex":0},"down":{"uv":[10.75,3.5,11.625,5.625],"texture":"#0","tintindex":0}}},{"from":[7.0,10.0,-5.0],"to":[7.0,20.0,11.0],"rotation":{"origin":[7.001,10.0,9.0],"axis":"z","angle":22.5},"faces":{"east":{"uv":[14.0,13.625,16.0,14.875],"texture":"#0","tintindex":0},"west":{"uv":[2.0,14.75,0.0,16.0],"texture":"#0","tintindex":0}}}],"textures":{"0":"modelengine:entity/empowered_end_strider"}}